tgrac_fid,tgrac_s_no,tgrac_mandal_name,tgrac_district,tgrac_revenue_division,canonical_pilot_id,lgd_code_available,temporal_regime,status
0,569,"Addagudur","Yadadri Bhuvanagiri","Bhongiri",UNMAPPED_PILOT_ABSENT,NOT_PRESENT_IN_SOURCE,2016_POST_REORGANISATION_REGIME,CANDIDATE_FEATURE_VALID
1,2,"Adilabad Urban","Adilabad","Adilabad",UNMAPPED_PILOT_ABSENT,NOT_PRESENT_IN_SOURCE,2016_POST_REORGANISATION_REGIME,CANDIDATE_FEATURE_VALID
2,1,"Adilabad Rural","Adilabad","Adilabad",UNMAPPED_PILOT_ABSENT,NOT_PRESENT_IN_SOURCE,2016_POST_REORGANISATION_REGIME,CANDIDATE_FEATURE_VALID
3,109,"Aiza","Jogulamba Gadwal","Gadwal",UNMAPPED_PILOT_ABSENT,NOT_PRESENT_IN_SOURCE,2016_POST_REORGANISATION_REGIME,CANDIDATE_FEATURE_VALID
4,466,"Akkannapet","Siddipet","Jangoan",UNMAPPED_PILOT_ABSENT,NOT_PRESENT_IN_SOURCE,2016_POST_REORGANISATION_REGIME,CANDIDATE_FEATURE_VALID
5,570,"Alair","Yadadri Bhuvanagiri","Bhongiri",UNMAPPED_PILOT_ABSENT,NOT_PRESENT_IN_SOURCE,2016_POST_REORGANISATION_REGIME,CANDIDATE_FEATURE_VALID
6,110,"Alampur","Jogulamba Gadwal","Gadwal",UNMAPPED_PILOT_ABSENT,NOT_PRESENT_IN_SOURCE,2016_POST_REORGANISATION_REGIME,CANDIDATE_FEATURE_VALID
7,255,"Alladurg","Medak","Sangareddy",UNMAPPED_PILOT_ABSENT,NOT_PRESENT_IN_SOURCE,2016_POST_REORGANISATION_REGIME,CANDIDATE_FEATURE_VALID
8,19,"Allapalli","Bhadradri Kothagudem","Bhadrachalam",UNMAPPED_PILOT_ABSENT,NOT_PRESENT_IN_SOURCE,2016_POST_REORGANISATION_REGIME,CANDIDATE_FEATURE_VALID
9,275,"Alwal","Medchal_Malkajgiri","Keesara",UNMAPPED_PILOT_ABSENT,NOT_PRESENT_IN_SOURCE,2016_POST_REORGANISATION_REGIME,CANDIDATE_FEATURE_VALID
10,44,"Asifnagar","Hyderabad","HYDERABAD",UNMAPPED_PILOT_ABSENT,NOT_PRESENT_IN_SOURCE,2016_POST_REORGANISATION_REGIME,CANDIDATE_FEATURE_VALID
11,573,"Bhongiri","Yadadri Bhuvanagiri","Bhongiri",UNMAPPED_PILOT_ABSENT,NOT_PRESENT_IN_SOURCE,2016_POST_REORGANISATION_REGIME,CANDIDATE_FEATURE_VALID
12,191,"Sirpur_T","Kumurambheem Asifabad","Kagaznagar",TS-MDL-7101,4676,2016_POST_REORGANISATION_REGIME,CANDIDATE_FEATURE_VALID
13,414,"Amangal","Rangareddy","Ibrahimpatnam",UNMAPPED_PILOT_ABSENT,NOT_PRESENT_IN_SOURCE,2016_POST_REORGANISATION_REGIME,CANDIDATE_FEATURE_VALID
14,529,"Amarchintha","Wanaparthy","Gadwal",UNMAPPED_PILOT_ABSENT,NOT_PRESENT_IN_SOURCE,2016_POST_REORGANISATION_REGIME,CANDIDATE_FEATURE_VALID
15,42,"Amberpet","Hyderabad","HYDERABAD",UNMAPPED_PILOT_ABSENT,NOT_PRESENT_IN_SOURCE,2016_POST_REORGANISATION_REGIME,CANDIDATE_FEATURE_VALID
16,192,"Sirpur_U","Kumurambheem Asifabad","Asifabad",UNMAPPED_PILOT_ABSENT,NOT_PRESENT_IN_SOURCE,2016_POST_REORGANISATION_REGIME,CANDIDATE_FEATURE_VALID
17,45,"Bahadurpura","Hyderabad","HYDERABAD",UNMAPPED_PILOT_ABSENT,NOT_PRESENT_IN_SOURCE,2016_POST_REORGANISATION_REGIME,CANDIDATE_FEATURE_VALID
18,212,"Balanagar","Mahabubnagar","Mahabubnagar",UNMAPPED_PILOT_ABSENT,NOT_PRESENT_IN_SOURCE,2016_POST_REORGANISATION_REGIME,CANDIDATE_FEATURE_VALID
19,488,"Ananthagiri","Suryapet","Khammam",UNMAPPED_PILOT_ABSENT,NOT_PRESENT_IN_SOURCE,2016_POST_REORGANISATION_REGIME,CANDIDATE_FEATURE_VALID
20,441,"Andole","Sangareddy","Narsapur",UNMAPPED_PILOT_ABSENT,NOT_PRESENT_IN_SOURCE,2016_POST_REORGANISATION_REGIME,CANDIDATE_FEATURE_VALID
21,22,"Aswaraopeta","Bhadradri Kothagudem","Kothagudem",UNMAPPED_PILOT_ABSENT,NOT_PRESENT_IN_SOURCE,2016_POST_REORGANISATION_REGIME,CANDIDATE_FEATURE_VALID
22,571,"Athmakur (M)","Yadadri Bhuvanagiri","Bhongiri",UNMAPPED_PILOT_ABSENT,NOT_PRESENT_IN_SOURCE,2016_POST_REORGANISATION_REGIME,CANDIDATE_FEATURE_VALID
23,530,"Atmakur","Warangal_Rural","Mulug",UNMAPPED_PILOT_ABSENT,NOT_PRESENT_IN_SOURCE,2016_POST_REORGANISATION_REGIME,CANDIDATE_FEATURE_VALID
24,489,"Atmakur_S","Suryapet","Khammam",UNMAPPED_PILOT_ABSENT,NOT_PRESENT_IN_SOURCE,2016_POST_REORGANISATION_REGIME,CANDIDATE_FEATURE_VALID
25,530,"Atmakur","Wanaparthy","Gadwal",UNMAPPED_PILOT_ABSENT,NOT_PRESENT_IN_SOURCE,2016_POST_REORGANISATION_REGIME,CANDIDATE_FEATURE_VALID
26,572,"B.Pochampally","Yadadri Bhuvanagiri","Bhongiri",UNMAPPED_PILOT_ABSENT,NOT_PRESENT_IN_SOURCE,2016_POST_REORGANISATION_REGIME,CANDIDATE_FEATURE_VALID
27,277,"Balanagar","Medchal_Malkajgiri","Malkajgiri",UNMAPPED_PILOT_ABSENT,NOT_PRESENT_IN_SOURCE,2016_POST_REORGANISATION_REGIME,CANDIDATE_FEATURE_VALID
28,360,"Balkonda","Nizamabad","Nirmal",UNMAPPED_PILOT_ABSENT,NOT_PRESENT_IN_SOURCE,2016_POST_REORGANISATION_REGIME,CANDIDATE_FEATURE_VALID
29,291,"Balmoor","Nagarkurnool","Achampet",UNMAPPED_PILOT_ABSENT,NOT_PRESENT_IN_SOURCE,2016_POST_REORGANISATION_REGIME,CANDIDATE_FEATURE_VALID
30,415,"Balapur","Rangareddy","HYDERABAD",UNMAPPED_PILOT_ABSENT,NOT_PRESENT_IN_SOURCE,2016_POST_REORGANISATION_REGIME,CANDIDATE_FEATURE_VALID
31,121,"Banswada","Kamareddy","Banswada",UNMAPPED_PILOT_ABSENT,NOT_PRESENT_IN_SOURCE,2016_POST_REORGANISATION_REGIME,CANDIDATE_FEATURE_VALID
32,511,"Bantwaram","Vikarabad","Tandur",UNMAPPED_PILOT_ABSENT,NOT_PRESENT_IN_SOURCE,2016_POST_REORGANISATION_REGIME,CANDIDATE_FEATURE_VALID
33,340,"Basar","Nirmal","Bhainsa",UNMAPPED_PILOT_ABSENT,NOT_PRESENT_IN_SOURCE,2016_POST_REORGANISATION_REGIME,CANDIDATE_FEATURE_VALID
34,195,"Bayyaram","Mahabubabad","Kothagudem",UNMAPPED_PILOT_ABSENT,NOT_PRESENT_IN_SOURCE,2016_POST_REORGANISATION_REGIME,CANDIDATE_FEATURE_VALID
35,512,"Basheerabad","Vikarabad","Tandur",UNMAPPED_PILOT_ABSENT,NOT_PRESENT_IN_SOURCE,2016_POST_REORGANISATION_REGIME,CANDIDATE_FEATURE_VALID
36,467,"Bejjanki","Siddipet","Karimnagar",UNMAPPED_PILOT_ABSENT,NOT_PRESENT_IN_SOURCE,2016_POST_REORGANISATION_REGIME,CANDIDATE_FEATURE_VALID
37,3,"Bazarhathnoor","Adilabad","Adilabad",UNMAPPED_PILOT_ABSENT,NOT_PRESENT_IN_SOURCE,2016_POST_REORGANISATION_REGIME,CANDIDATE_FEATURE_VALID
38,58,"Beerpur","Jagtial","Jagtial",UNMAPPED_PILOT_ABSENT,NOT_PRESENT_IN_SOURCE,2016_POST_REORGANISATION_REGIME,CANDIDATE_FEATURE_VALID
39,181,"Bejjur","Kumurambheem Asifabad","Kagaznagar",UNMAPPED_PILOT_ABSENT,NOT_PRESENT_IN_SOURCE,2016_POST_REORGANISATION_REGIME,CANDIDATE_FEATURE_VALID
40,4,"Bela","Adilabad","Adilabad",UNMAPPED_PILOT_ABSENT,NOT_PRESENT_IN_SOURCE,2016_POST_REORGANISATION_REGIME,CANDIDATE_FEATURE_VALID
41,361,"Bheemgal","Nizamabad","Nizamabad",UNMAPPED_PILOT_ABSENT,NOT_PRESENT_IN_SOURCE,2016_POST_REORGANISATION_REGIME,CANDIDATE_FEATURE_VALID
42,237,"Bellampalle","Mancherial","Bellampalle",TS-MDL-5324,4647,2016_POST_REORGANISATION_REGIME,CANDIDATE_FEATURE_VALID
43,214,"Chinna Chinta Kunta","Mahabubnagar","Mahabubnagar",UNMAPPED_PILOT_ABSENT,NOT_PRESENT_IN_SOURCE,2016_POST_REORGANISATION_REGIME,CANDIDATE_FEATURE_VALID
44,238,"Bheemaram","Mancherial","Bellampalle",UNMAPPED_PILOT_ABSENT,NOT_PRESENT_IN_SOURCE,2016_POST_REORGANISATION_REGIME,CANDIDATE_FEATURE_VALID
45,5,"Bheempoor","Adilabad","Adilabad",UNMAPPED_PILOT_ABSENT,NOT_PRESENT_IN_SOURCE,2016_POST_REORGANISATION_REGIME,CANDIDATE_FEATURE_VALID
46,292,"Bijinapalle","Nagarkurnool","Mahabubnagar",UNMAPPED_PILOT_ABSENT,NOT_PRESENT_IN_SOURCE,2016_POST_REORGANISATION_REGIME,CANDIDATE_FEATURE_VALID
47,362,"Bodhan","Nizamabad","Bodhan",UNMAPPED_PILOT_ABSENT,NOT_PRESENT_IN_SOURCE,2016_POST_REORGANISATION_REGIME,CANDIDATE_FEATURE_VALID
48,400,"Boinpalli","Rajanna Sircilla","Jagtial",UNMAPPED_PILOT_ABSENT,NOT_PRESENT_IN_SOURCE,2016_POST_REORGANISATION_REGIME,CANDIDATE_FEATURE_VALID
49,575,"Bommalaramaram","Yadadri Bhuvanagiri","Bhongiri",UNMAPPED_PILOT_ABSENT,NOT_PRESENT_IN_SOURCE,2016_POST_REORGANISATION_REGIME,CANDIDATE_FEATURE_VALID
50,513,"Bommaraspeta","Vikarabad","Narayanpet",UNMAPPED_PILOT_ABSENT,NOT_PRESENT_IN_SOURCE,2016_POST_REORGANISATION_REGIME,CANDIDATE_FEATURE_VALID
51,159,"Bonakal","Khammam","Khammam",UNMAPPED_PILOT_ABSENT,NOT_PRESENT_IN_SOURCE,2016_POST_REORGANISATION_REGIME,CANDIDATE_FEATURE_VALID
52,357,"Soan","Nirmal","Nirmal",UNMAPPED_PILOT_ABSENT,NOT_PRESENT_IN_SOURCE,2016_POST_REORGANISATION_REGIME,CANDIDATE_FEATURE_VALID
53,122,"Bhiknoor","Kamareddy","Kamareddy",UNMAPPED_PILOT_ABSENT,NOT_PRESENT_IN_SOURCE,2016_POST_REORGANISATION_REGIME,CANDIDATE_FEATURE_VALID
54,123,"Bibipet","Kamareddy","Kamareddy",UNMAPPED_PILOT_ABSENT,NOT_PRESENT_IN_SOURCE,2016_POST_REORGANISATION_REGIME,CANDIDATE_FEATURE_VALID
55,6,"Boath","Adilabad","Adilabad",UNMAPPED_PILOT_ABSENT,NOT_PRESENT_IN_SOURCE,2016_POST_REORGANISATION_REGIME,CANDIDATE_FEATURE_VALID
56,59,"Buggaram","Jagtial","Jagtial",UNMAPPED_PILOT_ABSENT,NOT_PRESENT_IN_SOURCE,2016_POST_REORGANISATION_REGIME,CANDIDATE_FEATURE_VALID
57,469,"Chinnakodur","Siddipet","Sirsilla",UNMAPPED_PILOT_ABSENT,NOT_PRESENT_IN_SOURCE,2016_POST_REORGANISATION_REGIME,CANDIDATE_FEATURE_VALID
58,24,"Burgampadu","Bhadradri Kothagudem","Bhadrachalam",UNMAPPED_PILOT_ABSENT,NOT_PRESENT_IN_SOURCE,2016_POST_REORGANISATION_REGIME,CANDIDATE_FEATURE_VALID
59,39,"Sujathanagar","Bhadradri Kothagudem","Kothagudem",UNMAPPED_PILOT_ABSENT,NOT_PRESENT_IN_SOURCE,2016_POST_REORGANISATION_REGIME,CANDIDATE_FEATURE_VALID
60,311,"Chandampet","Nalgonda","Devarakonda",UNMAPPED_PILOT_ABSENT,NOT_PRESENT_IN_SOURCE,2016_POST_REORGANISATION_REGIME,CANDIDATE_FEATURE_VALID
61,25,"Chandrugonda","Bhadradri Kothagudem","Kalluru",UNMAPPED_PILOT_ABSENT,NOT_PRESENT_IN_SOURCE,2016_POST_REORGANISATION_REGIME,CANDIDATE_FEATURE_VALID
62,293,"Charakonda","Nagarkurnool","Devarakonda",UNMAPPED_PILOT_ABSENT,NOT_PRESENT_IN_SOURCE,2016_POST_REORGANISATION_REGIME,CANDIDATE_FEATURE_VALID
63,47,"Charminar","Hyderabad","HYDERABAD",UNMAPPED_PILOT_ABSENT,NOT_PRESENT_IN_SOURCE,2016_POST_REORGANISATION_REGIME,CANDIDATE_FEATURE_VALID
64,401,"Chendurthi","Rajanna Sircilla","Jagtial",UNMAPPED_PILOT_ABSENT,NOT_PRESENT_IN_SOURCE,2016_POST_REORGANISATION_REGIME,CANDIDATE_FEATURE_VALID
65,314,"Chityal","Nalgonda","Choutuppal",UNMAPPED_PILOT_ABSENT,NOT_PRESENT_IN_SOURCE,2016_POST_REORGANISATION_REGIME,CANDIDATE_FEATURE_VALID
66,492,"Chivvemla","Suryapet","Kodad",UNMAPPED_PILOT_ABSENT,NOT_PRESENT_IN_SOURCE,2016_POST_REORGANISATION_REGIME,CANDIDATE_FEATURE_VALID
67,144,"Choppadandi","Karimnagar","Jagtial",UNMAPPED_PILOT_ABSENT,NOT_PRESENT_IN_SOURCE,2016_POST_REORGANISATION_REGIME,CANDIDATE_FEATURE_VALID
68,576,"Choutuppal","Yadadri Bhuvanagiri","Choutuppal",UNMAPPED_PILOT_ABSENT,NOT_PRESENT_IN_SOURCE,2016_POST_REORGANISATION_REGIME,CANDIDATE_FEATURE_VALID
69,544,"Chennaraopet","Warangal_Rural","Mahabubabad",UNMAPPED_PILOT_ABSENT,NOT_PRESENT_IN_SOURCE,2016_POST_REORGANISATION_REGIME,CANDIDATE_FEATURE_VALID
70,240,"Chennur","Mancherial","Bellampalle",TS-MDL-5323,4648,2016_POST_REORGANISATION_REGIME,CANDIDATE_FEATURE_VALID
71,468,"Cherial","Siddipet","Jangoan",UNMAPPED_PILOT_ABSENT,NOT_PRESENT_IN_SOURCE,2016_POST_REORGANISATION_REGIME,CANDIDATE_FEATURE_VALID
72,453,"Munipally","Sangareddy","Sangareddy",UNMAPPED_PILOT_ABSENT,NOT_PRESENT_IN_SOURCE,2016_POST_REORGANISATION_REGIME,CANDIDATE_FEATURE_VALID
73,326,"Munugode","Nalgonda","Choutuppal",UNMAPPED_PILOT_ABSENT,NOT_PRESENT_IN_SOURCE,2016_POST_REORGANISATION_REGIME,CANDIDATE_FEATURE_VALID
74,26,"Cherla","Bhadradri Kothagudem","Bhadrachalam",UNMAPPED_PILOT_ABSENT,NOT_PRESENT_IN_SOURCE,2016_POST_REORGANISATION_REGIME,CANDIDATE_FEATURE_VALID
75,143,"Chigurumamidi","Karimnagar","Huzurabad",UNMAPPED_PILOT_ABSENT,NOT_PRESENT_IN_SOURCE,2016_POST_REORGANISATION_REGIME,CANDIDATE_FEATURE_VALID
76,490,"Chilkur","Suryapet","Kodad",UNMAPPED_PILOT_ABSENT,NOT_PRESENT_IN_SOURCE,2016_POST_REORGANISATION_REGIME,CANDIDATE_FEATURE_VALID
77,405,"Mustabad","Rajanna Sircilla","Sirsilla",UNMAPPED_PILOT_ABSENT,NOT_PRESENT_IN_SOURCE,2016_POST_REORGANISATION_REGIME,CANDIDATE_FEATURE_VALID
78,183,"Dahegaon","Kumurambheem Asifabad","Bellampalle",TS-MDL-7103,4649,2016_POST_REORGANISATION_REGIME,CANDIDATE_FEATURE_VALID
79,316,"Devarakonda","Nalgonda","Devarakonda",UNMAPPED_PILOT_ABSENT,NOT_PRESENT_IN_SOURCE,2016_POST_REORGANISATION_REGIME,CANDIDATE_FEATURE_VALID
80,216,"Devarkadra","Mahabubnagar","Mahabubnagar",UNMAPPED_PILOT_ABSENT,NOT_PRESENT_IN_SOURCE,2016_POST_REORGANISATION_REGIME,CANDIDATE_FEATURE_VALID
81,78,"Devaruppula","Jangoan","Bhongiri",UNMAPPED_PILOT_ABSENT,NOT_PRESENT_IN_SOURCE,2016_POST_REORGANISATION_REGIME,CANDIDATE_FEATURE_VALID
82,177,"Vemsoor","Khammam","Kalluru",UNMAPPED_PILOT_ABSENT,NOT_PRESENT_IN_SOURCE,2016_POST_REORGANISATION_REGIME,CANDIDATE_FEATURE_VALID
83,508,"Suryapet","Suryapet","Miryalaguda",UNMAPPED_PILOT_ABSENT,NOT_PRESENT_IN_SOURCE,2016_POST_REORGANISATION_REGIME,CANDIDATE_FEATURE_VALID
84,104,"Tadvai (Sammakka Sarakka)","Mulugu","Bhadrachalam",UNMAPPED_PILOT_ABSENT,NOT_PRESENT_IN_SOURCE,2016_POST_REORGANISATION_REGIME,CANDIDATE_FEATURE_VALID
85,141,"Tadwai","Kamareddy","Kamareddy",UNMAPPED_PILOT_ABSENT,NOT_PRESENT_IN_SOURCE,2016_POST_REORGANISATION_REGIME,CANDIDATE_FEATURE_VALID
86,16,"Talamadugu","Adilabad","Adilabad",UNMAPPED_PILOT_ABSENT,NOT_PRESENT_IN_SOURCE,2016_POST_REORGANISATION_REGIME,CANDIDATE_FEATURE_VALID
87,17,"Tamsi","Adilabad","Adilabad",UNMAPPED_PILOT_ABSENT,NOT_PRESENT_IN_SOURCE,2016_POST_REORGANISATION_REGIME,CANDIDATE_FEATURE_VALID
88,253,"Tandur","Mancherial","Asifabad",UNMAPPED_PILOT_ABSENT,NOT_PRESENT_IN_SOURCE,2016_POST_REORGANISATION_REGIME,CANDIDATE_FEATURE_VALID
89,526,"Tandur","Vikarabad","Tandur",UNMAPPED_PILOT_ABSENT,NOT_PRESENT_IN_SOURCE,2016_POST_REORGANISATION_REGIME,CANDIDATE_FEATURE_VALID
90,272,"Tekmal","Medak","Narsapur",UNMAPPED_PILOT_ABSENT,NOT_PRESENT_IN_SOURCE,2016_POST_REORGANISATION_REGIME,CANDIDATE_FEATURE_VALID
91,61,"Gollapalli","Jagtial","Jagtial",UNMAPPED_PILOT_ABSENT,NOT_PRESENT_IN_SOURCE,2016_POST_REORGANISATION_REGIME,CANDIDATE_FEATURE_VALID
92,40,"Tekulapalle","Bhadradri Kothagudem","Khammam",UNMAPPED_PILOT_ABSENT,NOT_PRESENT_IN_SOURCE,2016_POST_REORGANISATION_REGIME,CANDIDATE_FEATURE_VALID
93,342,"Dasturabad","Nirmal","Jagtial",UNMAPPED_PILOT_ABSENT,NOT_PRESENT_IN_SOURCE,2016_POST_REORGANISATION_REGIME,CANDIDATE_FEATURE_VALID
94,105,"Tekumatla","Jayashankar Bhupalpally","Bhupalpalle",UNMAPPED_PILOT_ABSENT,NOT_PRESENT_IN_SOURCE,2016_POST_REORGANISATION_REGIME,CANDIDATE_FEATURE_VALID
95,514,"Dharoor","Vikarabad","Tandur",UNMAPPED_PILOT_ABSENT,NOT_PRESENT_IN_SOURCE,2016_POST_REORGANISATION_REGIME,CANDIDATE_FEATURE_VALID
96,363,"Dharpally","Nizamabad","Kamareddy",UNMAPPED_PILOT_ABSENT,NOT_PRESENT_IN_SOURCE,2016_POST_REORGANISATION_REGIME,CANDIDATE_FEATURE_VALID
97,364,"Dichpally","Nizamabad","Nizamabad",UNMAPPED_PILOT_ABSENT,NOT_PRESENT_IN_SOURCE,2016_POST_REORGANISATION_REGIME,CANDIDATE_FEATURE_VALID
98,515,"Doma","Vikarabad","Mahabubnagar",UNMAPPED_PILOT_ABSENT,NOT_PRESENT_IN_SOURCE,2016_POST_REORGANISATION_REGIME,CANDIDATE_FEATURE_VALID
99,41,"Yellandu","Bhadradri Kothagudem","Khammam",UNMAPPED_PILOT_ABSENT,NOT_PRESENT_IN_SOURCE,2016_POST_REORGANISATION_REGIME,CANDIDATE_FEATURE_VALID
100,516,"Doulthabad","Vikarabad","Narayanpet",UNMAPPED_PILOT_ABSENT,NOT_PRESENT_IN_SOURCE,2016_POST_REORGANISATION_REGIME,CANDIDATE_FEATURE_VALID
101,471,"Dubbak","Siddipet","Kamareddy",UNMAPPED_PILOT_ABSENT,NOT_PRESENT_IN_SOURCE,2016_POST_REORGANISATION_REGIME,CANDIDATE_FEATURE_VALID
102,546,"Duggondi","Warangal_Rural","Narsampet",UNMAPPED_PILOT_ABSENT,NOT_PRESENT_IN_SOURCE,2016_POST_REORGANISATION_REGIME,CANDIDATE_FEATURE_VALID
103,408,"Thangallapalli","Rajanna Sircilla","Sirsilla",UNMAPPED_PILOT_ABSENT,NOT_PRESENT_IN_SOURCE,2016_POST_REORGANISATION_REGIME,CANDIDATE_FEATURE_VALID
104,278,"Dundigal Gandimaisamma","Medchal_Malkajgiri","Keesara",UNMAPPED_PILOT_ABSENT,NOT_PRESENT_IN_SOURCE,2016_POST_REORGANISATION_REGIME,CANDIDATE_FEATURE_VALID
105,388,"Eligaid","Peddapalli","Karimnagar",UNMAPPED_PILOT_ABSENT,NOT_PRESENT_IN_SOURCE,2016_POST_REORGANISATION_REGIME,CANDIDATE_FEATURE_VALID
106,560,"Elkathurthi","Warangal_Urban","Huzurabad",UNMAPPED_PILOT_ABSENT,NOT_PRESENT_IN_SOURCE,2016_POST_REORGANISATION_REGIME,CANDIDATE_FEATURE_VALID
107,145,"Ellandakunta","Karimnagar","Bhupalpalle",UNMAPPED_PILOT_ABSENT,NOT_PRESENT_IN_SOURCE,2016_POST_REORGANISATION_REGIME,CANDIDATE_FEATURE_VALID
108,218,"Gandeed","Mahabubnagar","Mahabubnagar",UNMAPPED_PILOT_ABSENT,NOT_PRESENT_IN_SOURCE,2016_POST_REORGANISATION_REGIME,CANDIDATE_FEATURE_VALID
109,127,"Gandhari","Kamareddy","Banswada",UNMAPPED_PILOT_ABSENT,NOT_PRESENT_IN_SOURCE,2016_POST_REORGANISATION_REGIME,CANDIDATE_FEATURE_VALID
110,419,"Gandipet","Rangareddy","Chevella",UNMAPPED_PILOT_ABSENT,NOT_PRESENT_IN_SOURCE,2016_POST_REORGANISATION_REGIME,CANDIDATE_FEATURE_VALID
111,146,"Gangadhara","Karimnagar","Jagtial",UNMAPPED_PILOT_ABSENT,NOT_PRESENT_IN_SOURCE,2016_POST_REORGANISATION_REGIME,CANDIDATE_FEATURE_VALID
112,48,"Golkonda","Hyderabad","HYDERABAD",UNMAPPED_PILOT_ABSENT,NOT_PRESENT_IN_SOURCE,2016_POST_REORGANISATION_REGIME,CANDIDATE_FEATURE_VALID
113,383,"Mosra","Nizamabad","Bodhan",UNMAPPED_PILOT_ABSENT,NOT_PRESENT_IN_SOURCE,2016_POST_REORGANISATION_REGIME,CANDIDATE_FEATURE_VALID
114,418,"Farooqnagar","Rangareddy","Chevella",UNMAPPED_PILOT_ABSENT,NOT_PRESENT_IN_SOURCE,2016_POST_REORGANISATION_REGIME,CANDIDATE_FEATURE_VALID
115,87,"Tharigoppula","Jangoan","Ganpur_stn",UNMAPPED_PILOT_ABSENT,NOT_PRESENT_IN_SOURCE,2016_POST_REORGANISATION_REGIME,CANDIDATE_FEATURE_VALID
116,156,"Thimmapur","Karimnagar","Huzurabad",UNMAPPED_PILOT_ABSENT,NOT_PRESENT_IN_SOURCE,2016_POST_REORGANISATION_REGIME,CANDIDATE_FEATURE_VALID
117,112,"Gadwal","Jogulamba Gadwal","Gadwal",UNMAPPED_PILOT_ABSENT,NOT_PRESENT_IN_SOURCE,2016_POST_REORGANISATION_REGIME,CANDIDATE_FEATURE_VALID
118,472,"Gajwel","Siddipet","Gajwel",UNMAPPED_PILOT_ABSENT,NOT_PRESENT_IN_SOURCE,2016_POST_REORGANISATION_REGIME,CANDIDATE_FEATURE_VALID
119,49,"Himayatnagar","Hyderabad","HYDERABAD",UNMAPPED_PILOT_ABSENT,NOT_PRESENT_IN_SOURCE,2016_POST_REORGANISATION_REGIME,CANDIDATE_FEATURE_VALID
120,412,"Yellareddypet","Rajanna Sircilla","Kamareddy",UNMAPPED_PILOT_ABSENT,NOT_PRESENT_IN_SOURCE,2016_POST_REORGANISATION_REGIME,CANDIDATE_FEATURE_VALID
121,77,"Chilpur","Jangoan","Ganpur_stn",UNMAPPED_PILOT_ABSENT,NOT_PRESENT_IN_SOURCE,2016_POST_REORGANISATION_REGIME,CANDIDATE_FEATURE_VALID
122,196,"Chinnagudur","Mahabubabad","Mahabubabad",UNMAPPED_PILOT_ABSENT,NOT_PRESENT_IN_SOURCE,2016_POST_REORGANISATION_REGIME,CANDIDATE_FEATURE_VALID
123,147,"Ganneruvaram","Karimnagar","Karimnagar",UNMAPPED_PILOT_ABSENT,NOT_PRESENT_IN_SOURCE,2016_POST_REORGANISATION_REGIME,CANDIDATE_FEATURE_VALID
124,493,"Garidepalli","Suryapet","Kodad",UNMAPPED_PILOT_ABSENT,NOT_PRESENT_IN_SOURCE,2016_POST_REORGANISATION_REGIME,CANDIDATE_FEATURE_VALID
125,200,"Garla","Mahabubabad","Khammam",UNMAPPED_PILOT_ABSENT,NOT_PRESENT_IN_SOURCE,2016_POST_REORGANISATION_REGIME,CANDIDATE_FEATURE_VALID
126,547,"Geesugonda","Warangal_Rural","Narsampet",UNMAPPED_PILOT_ABSENT,NOT_PRESENT_IN_SOURCE,2016_POST_REORGANISATION_REGIME,CANDIDATE_FEATURE_VALID
127,531,"Chinnambavi","Wanaparthy","Gadwal",UNMAPPED_PILOT_ABSENT,NOT_PRESENT_IN_SOURCE,2016_POST_REORGANISATION_REGIME,CANDIDATE_FEATURE_VALID
128,532,"Ghanpur","Wanaparthy","Mahabubnagar",UNMAPPED_PILOT_ABSENT,NOT_PRESENT_IN_SOURCE,2016_POST_REORGANISATION_REGIME,CANDIDATE_FEATURE_VALID
129,160,"Chintakani","Khammam","Khammam",UNMAPPED_PILOT_ABSENT,NOT_PRESENT_IN_SOURCE,2016_POST_REORGANISATION_REGIME,CANDIDATE_FEATURE_VALID
130,182,"Chintalamanepally","Kumurambheem Asifabad","Kagaznagar",UNMAPPED_PILOT_ABSENT,NOT_PRESENT_IN_SOURCE,2016_POST_REORGANISATION_REGIME,CANDIDATE_FEATURE_VALID
131,113,"Ghattu","Jogulamba Gadwal","Gadwal",UNMAPPED_PILOT_ABSENT,NOT_PRESENT_IN_SOURCE,2016_POST_REORGANISATION_REGIME,CANDIDATE_FEATURE_VALID
132,491,"Chinthala palem","Suryapet","Kodad",UNMAPPED_PILOT_ABSENT,NOT_PRESENT_IN_SOURCE,2016_POST_REORGANISATION_REGIME,CANDIDATE_FEATURE_VALID
133,313,"Chinthapally","Nalgonda","Devarakonda",UNMAPPED_PILOT_ABSENT,NOT_PRESENT_IN_SOURCE,2016_POST_REORGANISATION_REGIME,CANDIDATE_FEATURE_VALID
134,417,"Chowdergudem","Rangareddy","Mahabubnagar",UNMAPPED_PILOT_ABSENT,NOT_PRESENT_IN_SOURCE,2016_POST_REORGANISATION_REGIME,CANDIDATE_FEATURE_VALID
135,27,"Chunchupally","Bhadradri Kothagudem","Kothagudem",UNMAPPED_PILOT_ABSENT,NOT_PRESENT_IN_SOURCE,2016_POST_REORGANISATION_REGIME,CANDIDATE_FEATURE_VALID
136,315,"Damaracherla","Nalgonda","Miryalaguda",UNMAPPED_PILOT_ABSENT,NOT_PRESENT_IN_SOURCE,2016_POST_REORGANISATION_REGIME,CANDIDATE_FEATURE_VALID
137,215,"Damargidda","Narayanpet","Narayanpet",UNMAPPED_PILOT_ABSENT,NOT_PRESENT_IN_SOURCE,2016_POST_REORGANISATION_REGIME,CANDIDATE_FEATURE_VALID
138,442,"Gummadidala","Sangareddy","Keesara",UNMAPPED_PILOT_ABSENT,NOT_PRESENT_IN_SOURCE,2016_POST_REORGANISATION_REGIME,CANDIDATE_FEATURE_VALID
139,545,"Damera","Warangal_Rural","Warangal",UNMAPPED_PILOT_ABSENT,NOT_PRESENT_IN_SOURCE,2016_POST_REORGANISATION_REGIME,CANDIDATE_FEATURE_VALID
140,294,"Kalwakurthy","Nagarkurnool","Kalwakurthy",UNMAPPED_PILOT_ABSENT,NOT_PRESENT_IN_SOURCE,2016_POST_REORGANISATION_REGIME,CANDIDATE_FEATURE_VALID
141,564,"Kamalapur","Warangal_Urban","Bhupalpalle",UNMAPPED_PILOT_ABSENT,NOT_PRESENT_IN_SOURCE,2016_POST_REORGANISATION_REGIME,CANDIDATE_FEATURE_VALID
142,385,"Yergatla","Nizamabad","Metpalle",UNMAPPED_PILOT_ABSENT,NOT_PRESENT_IN_SOURCE,2016_POST_REORGANISATION_REGIME,CANDIDATE_FEATURE_VALID
143,383,"Chandur","Nizamabad","Bodhan",UNMAPPED_PILOT_ABSENT,NOT_PRESENT_IN_SOURCE,2016_POST_REORGANISATION_REGIME,CANDIDATE_FEATURE_VALID
144,219,"Hanwada","Mahabubnagar","Mahabubnagar",UNMAPPED_PILOT_ABSENT,NOT_PRESENT_IN_SOURCE,2016_POST_REORGANISATION_REGIME,CANDIDATE_FEATURE_VALID
145,562,"Hasanparthy","Warangal_Urban","Warangal",UNMAPPED_PILOT_ABSENT,NOT_PRESENT_IN_SOURCE,2016_POST_REORGANISATION_REGIME,CANDIDATE_FEATURE_VALID
146,443,"Hathnoora","Sangareddy","Narsapur",UNMAPPED_PILOT_ABSENT,NOT_PRESENT_IN_SOURCE,2016_POST_REORGANISATION_REGIME,CANDIDATE_FEATURE_VALID
147,297,"Lingal","Nagarkurnool","Achampet",UNMAPPED_PILOT_ABSENT,NOT_PRESENT_IN_SOURCE,2016_POST_REORGANISATION_REGIME,CANDIDATE_FEATURE_VALID
148,28,"Dammapeta","Bhadradri Kothagudem","Kalluru",UNMAPPED_PILOT_ABSENT,NOT_PRESENT_IN_SOURCE,2016_POST_REORGANISATION_REGIME,CANDIDATE_FEATURE_VALID
149,241,"Dandepalle","Mancherial","Asifabad",TS-MDL-5322,4650,2016_POST_REORGANISATION_REGIME,CANDIDATE_FEATURE_VALID
150,197,"Danthalapalle","Mahabubabad","Suryapet",UNMAPPED_PILOT_ABSENT,NOT_PRESENT_IN_SOURCE,2016_POST_REORGANISATION_REGIME,CANDIDATE_FEATURE_VALID
151,421,"Ibrahimpatnam","Rangareddy","Choutuppal",UNMAPPED_PILOT_ABSENT,NOT_PRESENT_IN_SOURCE,2016_POST_REORGANISATION_REGIME,CANDIDATE_FEATURE_VALID
152,217,"Dhanwada","Narayanpet","Mahabubnagar",UNMAPPED_PILOT_ABSENT,NOT_PRESENT_IN_SOURCE,2016_POST_REORGANISATION_REGIME,CANDIDATE_FEATURE_VALID
153,403,"Illanthakunta","Rajanna Sircilla","Karimnagar",UNMAPPED_PILOT_ABSENT,NOT_PRESENT_IN_SOURCE,2016_POST_REORGANISATION_REGIME,CANDIDATE_FEATURE_VALID
154,563,"Inavolu","Warangal_Urban","Ganpur_stn",UNMAPPED_PILOT_ABSENT,NOT_PRESENT_IN_SOURCE,2016_POST_REORGANISATION_REGIME,CANDIDATE_FEATURE_VALID
155,365,"Indalwai","Nizamabad","Kamareddy",UNMAPPED_PILOT_ABSENT,NOT_PRESENT_IN_SOURCE,2016_POST_REORGANISATION_REGIME,CANDIDATE_FEATURE_VALID
156,60,"Dharmapuri","Jagtial","Jagtial",UNMAPPED_PILOT_ABSENT,NOT_PRESENT_IN_SOURCE,2016_POST_REORGANISATION_REGIME,CANDIDATE_FEATURE_VALID
157,114,"Itikyal","Jogulamba Gadwal","Gadwal",UNMAPPED_PILOT_ABSENT,NOT_PRESENT_IN_SOURCE,2016_POST_REORGANISATION_REGIME,CANDIDATE_FEATURE_VALID
158,111,"Dharoor","Jogulamba Gadwal","Gadwal",UNMAPPED_PILOT_ABSENT,NOT_PRESENT_IN_SOURCE,2016_POST_REORGANISATION_REGIME,CANDIDATE_FEATURE_VALID
159,343,"Dilawarpur","Nirmal","Bhainsa",UNMAPPED_PILOT_ABSENT,NOT_PRESENT_IN_SOURCE,2016_POST_REORGANISATION_REGIME,CANDIDATE_FEATURE_VALID
160,198,"Dornakal","Mahabubabad","Khammam",UNMAPPED_PILOT_ABSENT,NOT_PRESENT_IN_SOURCE,2016_POST_REORGANISATION_REGIME,CANDIDATE_FEATURE_VALID
161,366,"Jakranpally","Nizamabad","Nizamabad",UNMAPPED_PILOT_ABSENT,NOT_PRESENT_IN_SOURCE,2016_POST_REORGANISATION_REGIME,CANDIDATE_FEATURE_VALID
162,149,"Jammikunta","Karimnagar","Bhupalpalle",UNMAPPED_PILOT_ABSENT,NOT_PRESENT_IN_SOURCE,2016_POST_REORGANISATION_REGIME,CANDIDATE_FEATURE_VALID
163,29,"Dummugudem","Bhadradri Kothagudem","Bhadrachalam",UNMAPPED_PILOT_ABSENT,NOT_PRESENT_IN_SOURCE,2016_POST_REORGANISATION_REGIME,CANDIDATE_FEATURE_VALID
164,161,"Enkoor","Khammam","Kalluru",UNMAPPED_PILOT_ABSENT,NOT_PRESENT_IN_SOURCE,2016_POST_REORGANISATION_REGIME,CANDIDATE_FEATURE_VALID
165,444,"Jharasangam","Sangareddy","Sangareddy",UNMAPPED_PILOT_ABSENT,NOT_PRESENT_IN_SOURCE,2016_POST_REORGANISATION_REGIME,CANDIDATE_FEATURE_VALID
166,91,"Eturnagaram","Mulugu","Mulug",UNMAPPED_PILOT_ABSENT,NOT_PRESENT_IN_SOURCE,2016_POST_REORGANISATION_REGIME,CANDIDATE_FEATURE_VALID
167,389,"Julapalli","Peddapalli","Karimnagar",UNMAPPED_PILOT_ABSENT,NOT_PRESENT_IN_SOURCE,2016_POST_REORGANISATION_REGIME,CANDIDATE_FEATURE_VALID
168,7,"Gadiguda","Adilabad","Adilabad",UNMAPPED_PILOT_ABSENT,NOT_PRESENT_IN_SOURCE,2016_POST_REORGANISATION_REGIME,CANDIDATE_FEATURE_VALID
169,185,"Kagaznagar","Kumurambheem Asifabad","Asifabad",TS-MDL-7102,4655,2016_POST_REORGANISATION_REGIME,CANDIDATE_FEATURE_VALID
170,106,"Venkatapur","Mulugu","Bhupalpalle",UNMAPPED_PILOT_ABSENT,NOT_PRESENT_IN_SOURCE,2016_POST_REORGANISATION_REGIME,CANDIDATE_FEATURE_VALID
171,402,"Gambhiraopet","Rajanna Sircilla","Kamareddy",UNMAPPED_PILOT_ABSENT,NOT_PRESENT_IN_SOURCE,2016_POST_REORGANISATION_REGIME,CANDIDATE_FEATURE_VALID
172,199,"Gangaram","Mahabubabad","Kothagudem",UNMAPPED_PILOT_ABSENT,NOT_PRESENT_IN_SOURCE,2016_POST_REORGANISATION_REGIME,CANDIDATE_FEATURE_VALID
173,129,"Kamareddy","Kamareddy","Kamareddy",UNMAPPED_PILOT_ABSENT,NOT_PRESENT_IN_SOURCE,2016_POST_REORGANISATION_REGIME,CANDIDATE_FEATURE_VALID
174,92,"Ghanapur_Mulug","Jayashankar Bhupalpally","Bhupalpalle",UNMAPPED_PILOT_ABSENT,NOT_PRESENT_IN_SOURCE,2016_POST_REORGANISATION_REGIME,CANDIDATE_FEATURE_VALID
175,79,"Ghanpur (Stn)","Jangoan","Ganpur_stn",UNMAPPED_PILOT_ABSENT,NOT_PRESENT_IN_SOURCE,2016_POST_REORGANISATION_REGIME,CANDIDATE_FEATURE_VALID
176,279,"Ghatkesar","Medchal_Malkajgiri","Bhongiri",UNMAPPED_PILOT_ABSENT,NOT_PRESENT_IN_SOURCE,2016_POST_REORGANISATION_REGIME,CANDIDATE_FEATURE_VALID
177,245,"Kannepalli","Mancherial","Bellampalle",UNMAPPED_PILOT_ABSENT,NOT_PRESENT_IN_SOURCE,2016_POST_REORGANISATION_REGIME,CANDIDATE_FEATURE_VALID
178,164,"Khammam_Rural","Khammam","Khammam",UNMAPPED_PILOT_ABSENT,NOT_PRESENT_IN_SOURCE,2016_POST_REORGANISATION_REGIME,CANDIDATE_FEATURE_VALID
179,107,"Venkatapuram","Mulugu","Bhadrachalam",UNMAPPED_PILOT_ABSENT,NOT_PRESENT_IN_SOURCE,2016_POST_REORGANISATION_REGIME,CANDIDATE_FEATURE_VALID
180,296,"Kollapur","Nagarkurnool","Wanaparthy",UNMAPPED_PILOT_ABSENT,NOT_PRESENT_IN_SOURCE,2016_POST_REORGANISATION_REGIME,CANDIDATE_FEATURE_VALID
181,120,"Waddepally","Jogulamba Gadwal","Gadwal",UNMAPPED_PILOT_ABSENT,NOT_PRESENT_IN_SOURCE,2016_POST_REORGANISATION_REGIME,CANDIDATE_FEATURE_VALID
182,425,"Kondurg","Rangareddy","Chevella",UNMAPPED_PILOT_ABSENT,NOT_PRESENT_IN_SOURCE,2016_POST_REORGANISATION_REGIME,CANDIDATE_FEATURE_VALID
183,568,"Warangal","Warangal_Urban","Warangal",UNMAPPED_PILOT_ABSENT,NOT_PRESENT_IN_SOURCE,2016_POST_REORGANISATION_REGIME,CANDIDATE_FEATURE_VALID
184,65,"Kathlapur","Jagtial","Metpalle",UNMAPPED_PILOT_ABSENT,NOT_PRESENT_IN_SOURCE,2016_POST_REORGANISATION_REGIME,CANDIDATE_FEATURE_VALID
185,320,"Kattangur","Nalgonda","Nalgonda",UNMAPPED_PILOT_ABSENT,NOT_PRESENT_IN_SOURCE,2016_POST_REORGANISATION_REGIME,CANDIDATE_FEATURE_VALID
186,222,"Kosgi","Narayanpet","Mahabubnagar",UNMAPPED_PILOT_ABSENT,NOT_PRESENT_IN_SOURCE,2016_POST_REORGANISATION_REGIME,CANDIDATE_FEATURE_VALID
187,487,"Wargal","Siddipet","Gajwel",UNMAPPED_PILOT_ABSENT,NOT_PRESENT_IN_SOURCE,2016_POST_REORGANISATION_REGIME,CANDIDATE_FEATURE_VALID
188,533,"Gopalpet","Wanaparthy","Wanaparthy",UNMAPPED_PILOT_ABSENT,NOT_PRESENT_IN_SOURCE,2016_POST_REORGANISATION_REGIME,CANDIDATE_FEATURE_VALID
189,93,"Govindaraopet","Mulugu","Mulug",UNMAPPED_PILOT_ABSENT,NOT_PRESENT_IN_SOURCE,2016_POST_REORGANISATION_REGIME,CANDIDATE_FEATURE_VALID
190,202,"Kesamudram","Mahabubabad","Mahabubabad",UNMAPPED_PILOT_ABSENT,NOT_PRESENT_IN_SOURCE,2016_POST_REORGANISATION_REGIME,CANDIDATE_FEATURE_VALID
191,424,"Keshampeta","Rangareddy","Kandukur",UNMAPPED_PILOT_ABSENT,NOT_PRESENT_IN_SOURCE,2016_POST_REORGANISATION_REGIME,CANDIDATE_FEATURE_VALID
192,321,"Kethepally","Nalgonda","Miryalaguda",UNMAPPED_PILOT_ABSENT,NOT_PRESENT_IN_SOURCE,2016_POST_REORGANISATION_REGIME,CANDIDATE_FEATURE_VALID
193,178,"Wyra","Khammam","Kalluru",UNMAPPED_PILOT_ABSENT,NOT_PRESENT_IN_SOURCE,2016_POST_REORGANISATION_REGIME,CANDIDATE_FEATURE_VALID
194,439,"Yacharam","Rangareddy","Devarakonda",UNMAPPED_PILOT_ABSENT,NOT_PRESENT_IN_SOURCE,2016_POST_REORGANISATION_REGIME,CANDIDATE_FEATURE_VALID
195,8,"Gudihathnur","Adilabad","Adilabad",UNMAPPED_PILOT_ABSENT,NOT_PRESENT_IN_SOURCE,2016_POST_REORGANISATION_REGIME,CANDIDATE_FEATURE_VALID
196,201,"Gudur","Mahabubabad","Mahabubabad",UNMAPPED_PILOT_ABSENT,NOT_PRESENT_IN_SOURCE,2016_POST_REORGANISATION_REGIME,CANDIDATE_FEATURE_VALID
197,80,"Gundala","Yadadri Bhuvanagiri","Bhongiri",UNMAPPED_PILOT_ABSENT,NOT_PRESENT_IN_SOURCE,2016_POST_REORGANISATION_REGIME,CANDIDATE_FEATURE_VALID
198,317,"Gundlapally","Nalgonda","Devarakonda",UNMAPPED_PILOT_ABSENT,NOT_PRESENT_IN_SOURCE,2016_POST_REORGANISATION_REGIME,CANDIDATE_FEATURE_VALID
199,318,"Gurrampode","Nalgonda","Devarakonda",UNMAPPED_PILOT_ABSENT,NOT_PRESENT_IN_SOURCE,2016_POST_REORGANISATION_REGIME,CANDIDATE_FEATURE_VALID
200,242,"Hajipur","Mancherial","Bellampalle",TS-MDL-5329,5949,2016_POST_REORGANISATION_REGIME,CANDIDATE_FEATURE_VALID
201,561,"Hanamkonda","Warangal_Urban","Warangal",UNMAPPED_PILOT_ABSENT,NOT_PRESENT_IN_SOURCE,2016_POST_REORGANISATION_REGIME,CANDIDATE_FEATURE_VALID
202,428,"Maheswaram","Rangareddy","Ibrahimpatnam",UNMAPPED_PILOT_ABSENT,NOT_PRESENT_IN_SOURCE,2016_POST_REORGANISATION_REGIME,CANDIDATE_FEATURE_VALID
203,369,"Makloor","Nizamabad","Nizamabad",UNMAPPED_PILOT_ABSENT,NOT_PRESENT_IN_SOURCE,2016_POST_REORGANISATION_REGIME,CANDIDATE_FEATURE_VALID
204,228,"Makthal","Narayanpet","Gadwal",UNMAPPED_PILOT_ABSENT,NOT_PRESENT_IN_SOURCE,2016_POST_REORGANISATION_REGIME,CANDIDATE_FEATURE_VALID
205,116,"Maldakal","Jogulamba Gadwal","Gadwal",UNMAPPED_PILOT_ABSENT,NOT_PRESENT_IN_SOURCE,2016_POST_REORGANISATION_REGIME,CANDIDATE_FEATURE_VALID
206,258,"Havelighanpur","Medak","Kamareddy",UNMAPPED_PILOT_ABSENT,NOT_PRESENT_IN_SOURCE,2016_POST_REORGANISATION_REGIME,CANDIDATE_FEATURE_VALID
207,420,"Hayathnagar","Rangareddy","Ibrahimpatnam",UNMAPPED_PILOT_ABSENT,NOT_PRESENT_IN_SOURCE,2016_POST_REORGANISATION_REGIME,CANDIDATE_FEATURE_VALID
208,62,"Ibrahimpatnam","Jagtial","Metpalle",UNMAPPED_PILOT_ABSENT,NOT_PRESENT_IN_SOURCE,2016_POST_REORGANISATION_REGIME,CANDIDATE_FEATURE_VALID
209,9,"Ichoda","Adilabad","Adilabad",UNMAPPED_PILOT_ABSENT,NOT_PRESENT_IN_SOURCE,2016_POST_REORGANISATION_REGIME,CANDIDATE_FEATURE_VALID
210,10,"Inderavelly","Adilabad","Adilabad",UNMAPPED_PILOT_ABSENT,NOT_PRESENT_IN_SOURCE,2016_POST_REORGANISATION_REGIME,CANDIDATE_FEATURE_VALID
211,63,"Jagityal_Rural","Jagtial","Jagtial",UNMAPPED_PILOT_ABSENT,NOT_PRESENT_IN_SOURCE,2016_POST_REORGANISATION_REGIME,CANDIDATE_FEATURE_VALID
212,64,"Jagtial","Jagtial","Jagtial",UNMAPPED_PILOT_ABSENT,NOT_PRESENT_IN_SOURCE,2016_POST_REORGANISATION_REGIME,CANDIDATE_FEATURE_VALID
213,11,"Jainad","Adilabad","Adilabad",UNMAPPED_PILOT_ABSENT,NOT_PRESENT_IN_SOURCE,2016_POST_REORGANISATION_REGIME,CANDIDATE_FEATURE_VALID
214,184,"Jainoor","Kumurambheem Asifabad","Asifabad",UNMAPPED_PILOT_ABSENT,NOT_PRESENT_IN_SOURCE,2016_POST_REORGANISATION_REGIME,CANDIDATE_FEATURE_VALID
215,243,"Jaipur","Mancherial","Mancherial",UNMAPPED_PILOT_ABSENT,NOT_PRESENT_IN_SOURCE,2016_POST_REORGANISATION_REGIME,CANDIDATE_FEATURE_VALID
216,495,"Jajireddigudem","Suryapet","Nalgonda",UNMAPPED_PILOT_ABSENT,NOT_PRESENT_IN_SOURCE,2016_POST_REORGANISATION_REGIME,CANDIDATE_FEATURE_VALID
217,68,"Mallapur","Jagtial","Jagtial",UNMAPPED_PILOT_ABSENT,NOT_PRESENT_IN_SOURCE,2016_POST_REORGANISATION_REGIME,CANDIDATE_FEATURE_VALID
218,69,"Mallial","Jagtial","Jagtial",UNMAPPED_PILOT_ABSENT,NOT_PRESENT_IN_SOURCE,2016_POST_REORGANISATION_REGIME,CANDIDATE_FEATURE_VALID
219,350,"Mamda","Nirmal","Adilabad",UNMAPPED_PILOT_ABSENT,NOT_PRESENT_IN_SOURCE,2016_POST_REORGANISATION_REGIME,CANDIDATE_FEATURE_VALID
220,153,"Manakondur","Karimnagar","Huzurabad",UNMAPPED_PILOT_ABSENT,NOT_PRESENT_IN_SOURCE,2016_POST_REORGANISATION_REGIME,CANDIDATE_FEATURE_VALID
221,81,"Jangoan","Jangoan","Bhongiri",UNMAPPED_PILOT_ABSENT,NOT_PRESENT_IN_SOURCE,2016_POST_REORGANISATION_REGIME,CANDIDATE_FEATURE_VALID
222,244,"Jannaram","Mancherial","Asifabad",UNMAPPED_PILOT_ABSENT,NOT_PRESENT_IN_SOURCE,2016_POST_REORGANISATION_REGIME,CANDIDATE_FEATURE_VALID
223,534,"Kothakota","Wanaparthy","Mahabubnagar",UNMAPPED_PILOT_ABSENT,NOT_PRESENT_IN_SOURCE,2016_POST_REORGANISATION_REGIME,CANDIDATE_FEATURE_VALID
224,152,"Kothapally","Karimnagar","Karimnagar",UNMAPPED_PILOT_ABSENT,NOT_PRESENT_IN_SOURCE,2016_POST_REORGANISATION_REGIME,CANDIDATE_FEATURE_VALID
225,128,"Jukkal","Kamareddy","Banswada",UNMAPPED_PILOT_ABSENT,NOT_PRESENT_IN_SOURCE,2016_POST_REORGANISATION_REGIME,CANDIDATE_FEATURE_VALID
226,31,"Julurupad","Bhadradri Kothagudem","Kalluru",UNMAPPED_PILOT_ABSENT,NOT_PRESENT_IN_SOURCE,2016_POST_REORGANISATION_REGIME,CANDIDATE_FEATURE_VALID
227,344,"Kaddampeddur","Nirmal","Asifabad",UNMAPPED_PILOT_ABSENT,NOT_PRESENT_IN_SOURCE,2016_POST_REORGANISATION_REGIME,CANDIDATE_FEATURE_VALID
228,422,"Kadthal","Rangareddy","Ibrahimpatnam",UNMAPPED_PILOT_ABSENT,NOT_PRESENT_IN_SOURCE,2016_POST_REORGANISATION_REGIME,CANDIDATE_FEATURE_VALID
229,519,"Kulkacharla","Vikarabad","Mahabubnagar",UNMAPPED_PILOT_ABSENT,NOT_PRESENT_IN_SOURCE,2016_POST_REORGANISATION_REGIME,CANDIDATE_FEATURE_VALID
230,115,"Kaloor_Thimmandoddi","Jogulamba Gadwal","Gadwal",UNMAPPED_PILOT_ABSENT,NOT_PRESENT_IN_SOURCE,2016_POST_REORGANISATION_REGIME,CANDIDATE_FEATURE_VALID
231,390,"Kamanpur","Peddapalli","Manthani",UNMAPPED_PILOT_ABSENT,NOT_PRESENT_IN_SOURCE,2016_POST_REORGANISATION_REGIME,CANDIDATE_FEATURE_VALID
232,167,"Kusumanchi","Khammam","Khammam",UNMAPPED_PILOT_ABSENT,NOT_PRESENT_IN_SOURCE,2016_POST_REORGANISATION_REGIME,CANDIDATE_FEATURE_VALID
233,163,"Kamepally","Khammam","Kalluru",UNMAPPED_PILOT_ABSENT,NOT_PRESENT_IN_SOURCE,2016_POST_REORGANISATION_REGIME,CANDIDATE_FEATURE_VALID
234,319,"Kanagal","Nalgonda","Devarakonda",UNMAPPED_PILOT_ABSENT,NOT_PRESENT_IN_SOURCE,2016_POST_REORGANISATION_REGIME,CANDIDATE_FEATURE_VALID
235,447,"Kandi","Sangareddy","Chevella",UNMAPPED_PILOT_ABSENT,NOT_PRESENT_IN_SOURCE,2016_POST_REORGANISATION_REGIME,CANDIDATE_FEATURE_VALID
236,423,"Kandukur","Rangareddy","Ibrahimpatnam",UNMAPPED_PILOT_ABSENT,NOT_PRESENT_IN_SOURCE,2016_POST_REORGANISATION_REGIME,CANDIDATE_FEATURE_VALID
237,448,"Kangti","Sangareddy","Banswada",UNMAPPED_PILOT_ABSENT,NOT_PRESENT_IN_SOURCE,2016_POST_REORGANISATION_REGIME,CANDIDATE_FEATURE_VALID
238,94,"Kannaigudem","Mulugu","Bhupalpalle",UNMAPPED_PILOT_ABSENT,NOT_PRESENT_IN_SOURCE,2016_POST_REORGANISATION_REGIME,CANDIDATE_FEATURE_VALID
239,280,"Kapra","Medchal_Malkajgiri","Keesara",UNMAPPED_PILOT_ABSENT,NOT_PRESENT_IN_SOURCE,2016_POST_REORGANISATION_REGIME,CANDIDATE_FEATURE_VALID
240,32,"Karakagudem","Bhadradri Kothagudem","Bhadrachalam",UNMAPPED_PILOT_ABSENT,NOT_PRESENT_IN_SOURCE,2016_POST_REORGANISATION_REGIME,CANDIDATE_FEATURE_VALID
241,150,"Karimnagar","Karimnagar","Karimnagar",UNMAPPED_PILOT_ABSENT,NOT_PRESENT_IN_SOURCE,2016_POST_REORGANISATION_REGIME,CANDIDATE_FEATURE_VALID
242,248,"Luxettipet","Mancherial","Bellampalle",TS-MDL-5320,4663,2016_POST_REORGANISATION_REGIME,CANDIDATE_FEATURE_VALID
243,324,"Marriguda","Nalgonda","Choutuppal",UNMAPPED_PILOT_ABSENT,NOT_PRESENT_IN_SOURCE,2016_POST_REORGANISATION_REGIME,CANDIDATE_FEATURE_VALID
244,246,"Kasipet","Mancherial","Asifabad",UNMAPPED_PILOT_ABSENT,NOT_PRESENT_IN_SOURCE,2016_POST_REORGANISATION_REGIME,CANDIDATE_FEATURE_VALID
245,535,"Madanapur","Wanaparthy","Mahabubnagar",UNMAPPED_PILOT_ABSENT,NOT_PRESENT_IN_SOURCE,2016_POST_REORGANISATION_REGIME,CANDIDATE_FEATURE_VALID
246,497,"Maddirala","Suryapet","Suryapet",UNMAPPED_PILOT_ABSENT,NOT_PRESENT_IN_SOURCE,2016_POST_REORGANISATION_REGIME,CANDIDATE_FEATURE_VALID
247,95,"Kataram","Jayashankar Bhupalpally","Bhupalpalle",UNMAPPED_PILOT_ABSENT,NOT_PRESENT_IN_SOURCE,2016_POST_REORGANISATION_REGIME,CANDIDATE_FEATURE_VALID
248,281,"Keesara","Medchal_Malkajgiri","Bhongiri",UNMAPPED_PILOT_ABSENT,NOT_PRESENT_IN_SOURCE,2016_POST_REORGANISATION_REGIME,CANDIDATE_FEATURE_VALID
249,186,"Kerameri","Kumurambheem Asifabad","Asifabad",UNMAPPED_PILOT_ABSENT,NOT_PRESENT_IN_SOURCE,2016_POST_REORGANISATION_REGIME,CANDIDATE_FEATURE_VALID
250,565,"Khaazipet","Warangal_Urban","Ganpur_stn",UNMAPPED_PILOT_ABSENT,NOT_PRESENT_IN_SOURCE,2016_POST_REORGANISATION_REGIME,CANDIDATE_FEATURE_VALID
251,50,"Khairatabad","Hyderabad","HYDERABAD",UNMAPPED_PILOT_ABSENT,NOT_PRESENT_IN_SOURCE,2016_POST_REORGANISATION_REGIME,CANDIDATE_FEATURE_VALID
252,165,"Khammam_Urban","Khammam","Khammam",UNMAPPED_PILOT_ABSENT,NOT_PRESENT_IN_SOURCE,2016_POST_REORGANISATION_REGIME,CANDIDATE_FEATURE_VALID
253,345,"Khanapur","Nirmal","Metpalle",UNMAPPED_PILOT_ABSENT,NOT_PRESENT_IN_SOURCE,2016_POST_REORGANISATION_REGIME,CANDIDATE_FEATURE_VALID
254,451,"Manoor","Sangareddy","Narayankhed",UNMAPPED_PILOT_ABSENT,NOT_PRESENT_IN_SOURCE,2016_POST_REORGANISATION_REGIME,CANDIDATE_FEATURE_VALID
255,117,"Manopad","Jogulamba Gadwal","Gadwal",UNMAPPED_PILOT_ABSENT,NOT_PRESENT_IN_SOURCE,2016_POST_REORGANISATION_REGIME,CANDIDATE_FEATURE_VALID
256,548,"Khanapur","Warangal_Rural","Mahabubabad",UNMAPPED_PILOT_ABSENT,NOT_PRESENT_IN_SOURCE,2016_POST_REORGANISATION_REGIME,CANDIDATE_FEATURE_VALID
257,566,"Khila Warangal","Warangal_Urban","Warangal",UNMAPPED_PILOT_ABSENT,NOT_PRESENT_IN_SOURCE,2016_POST_REORGANISATION_REGIME,CANDIDATE_FEATURE_VALID
258,496,"Kodad","Suryapet","Khammam",UNMAPPED_PILOT_ABSENT,NOT_PRESENT_IN_SOURCE,2016_POST_REORGANISATION_REGIME,CANDIDATE_FEATURE_VALID
259,295,"Kodair","Nagarkurnool","Wanaparthy",UNMAPPED_PILOT_ABSENT,NOT_PRESENT_IN_SOURCE,2016_POST_REORGANISATION_REGIME,CANDIDATE_FEATURE_VALID
260,517,"Kodangal","Vikarabad","Narayanpet",UNMAPPED_PILOT_ABSENT,NOT_PRESENT_IN_SOURCE,2016_POST_REORGANISATION_REGIME,CANDIDATE_FEATURE_VALID
261,66,"Kodimial","Jagtial","Jagtial",UNMAPPED_PILOT_ABSENT,NOT_PRESENT_IN_SOURCE,2016_POST_REORGANISATION_REGIME,CANDIDATE_FEATURE_VALID
262,475,"Koheda","Siddipet","Karimnagar",UNMAPPED_PILOT_ABSENT,NOT_PRESENT_IN_SOURCE,2016_POST_REORGANISATION_REGIME,CANDIDATE_FEATURE_VALID
263,449,"Kohir","Sangareddy","Sangareddy",UNMAPPED_PILOT_ABSENT,NOT_PRESENT_IN_SOURCE,2016_POST_REORGANISATION_REGIME,CANDIDATE_FEATURE_VALID
264,221,"Koilkonda","Mahabubnagar","Mahabubnagar",UNMAPPED_PILOT_ABSENT,NOT_PRESENT_IN_SOURCE,2016_POST_REORGANISATION_REGIME,CANDIDATE_FEATURE_VALID
265,404,"Konaraopet","Rajanna Sircilla","Nizamabad",UNMAPPED_PILOT_ABSENT,NOT_PRESENT_IN_SOURCE,2016_POST_REORGANISATION_REGIME,CANDIDATE_FEATURE_VALID
266,322,"Kondamallapally","Nalgonda","Devarakonda",UNMAPPED_PILOT_ABSENT,NOT_PRESENT_IN_SOURCE,2016_POST_REORGANISATION_REGIME,CANDIDATE_FEATURE_VALID
267,477,"Kondapak","Siddipet","Gajwel",UNMAPPED_PILOT_ABSENT,NOT_PRESENT_IN_SOURCE,2016_POST_REORGANISATION_REGIME,CANDIDATE_FEATURE_VALID
268,450,"Kondapur","Sangareddy","Chevella",UNMAPPED_PILOT_ABSENT,NOT_PRESENT_IN_SOURCE,2016_POST_REORGANISATION_REGIME,CANDIDATE_FEATURE_VALID
269,71,"Metpalli","Jagtial","Metpalle",UNMAPPED_PILOT_ABSENT,NOT_PRESENT_IN_SOURCE,2016_POST_REORGANISATION_REGIME,CANDIDATE_FEATURE_VALID
270,584,"Yadagirigutta","Yadadri Bhuvanagiri","Bhongiri",UNMAPPED_PILOT_ABSENT,NOT_PRESENT_IN_SOURCE,2016_POST_REORGANISATION_REGIME,CANDIDATE_FEATURE_VALID
271,166,"Konijerla","Khammam","Kalluru",UNMAPPED_PILOT_ABSENT,NOT_PRESENT_IN_SOURCE,2016_POST_REORGANISATION_REGIME,CANDIDATE_FEATURE_VALID
272,67,"Korutla","Jagtial","Jagtial",UNMAPPED_PILOT_ABSENT,NOT_PRESENT_IN_SOURCE,2016_POST_REORGANISATION_REGIME,CANDIDATE_FEATURE_VALID
273,368,"Kotagiri","Nizamabad","Banswada",UNMAPPED_PILOT_ABSENT,NOT_PRESENT_IN_SOURCE,2016_POST_REORGANISATION_REGIME,CANDIDATE_FEATURE_VALID
274,325,"Miryalaguda","Nalgonda","Miryalaguda",UNMAPPED_PILOT_ABSENT,NOT_PRESENT_IN_SOURCE,2016_POST_REORGANISATION_REGIME,CANDIDATE_FEATURE_VALID
275,203,"Kothaguda","Mahabubabad","Mahabubabad",UNMAPPED_PILOT_ABSENT,NOT_PRESENT_IN_SOURCE,2016_POST_REORGANISATION_REGIME,CANDIDATE_FEATURE_VALID
276,33,"Kothagudem","Bhadradri Kothagudem","Kothagudem",UNMAPPED_PILOT_ABSENT,NOT_PRESENT_IN_SOURCE,2016_POST_REORGANISATION_REGIME,CANDIDATE_FEATURE_VALID
277,187,"Kouthala","Kumurambheem Asifabad","Kagaznagar",UNMAPPED_PILOT_ABSENT,NOT_PRESENT_IN_SOURCE,2016_POST_REORGANISATION_REGIME,CANDIDATE_FEATURE_VALID
278,351,"Mudhole","Nirmal","Bhainsa",UNMAPPED_PILOT_ABSENT,NOT_PRESENT_IN_SOURCE,2016_POST_REORGANISATION_REGIME,CANDIDATE_FEATURE_VALID
279,169,"Mudigonda","Khammam","Khammam",UNMAPPED_PILOT_ABSENT,NOT_PRESENT_IN_SOURCE,2016_POST_REORGANISATION_REGIME,CANDIDATE_FEATURE_VALID
280,259,"Kowdipally","Medak","Narsapur",UNMAPPED_PILOT_ABSENT,NOT_PRESENT_IN_SOURCE,2016_POST_REORGANISATION_REGIME,CANDIDATE_FEATURE_VALID
281,346,"Kubeer","Nirmal","Bhainsa",UNMAPPED_PILOT_ABSENT,NOT_PRESENT_IN_SOURCE,2016_POST_REORGANISATION_REGIME,CANDIDATE_FEATURE_VALID
282,282,"Kukatpally","Medchal_Malkajgiri","Malkajgiri",UNMAPPED_PILOT_ABSENT,NOT_PRESENT_IN_SOURCE,2016_POST_REORGANISATION_REGIME,CANDIDATE_FEATURE_VALID
283,260,"Kulcharam","Medak","Narsapur",UNMAPPED_PILOT_ABSENT,NOT_PRESENT_IN_SOURCE,2016_POST_REORGANISATION_REGIME,CANDIDATE_FEATURE_VALID
284,347,"Kuntala","Nirmal","Bhainsa",UNMAPPED_PILOT_ABSENT,NOT_PRESENT_IN_SOURCE,2016_POST_REORGANISATION_REGIME,CANDIDATE_FEATURE_VALID
285,456,"Nyalkal","Sangareddy","Narayankhed",UNMAPPED_PILOT_ABSENT,NOT_PRESENT_IN_SOURCE,2016_POST_REORGANISATION_REGIME,CANDIDATE_FEATURE_VALID
286,204,"Kuravi","Mahabubabad","Khammam",UNMAPPED_PILOT_ABSENT,NOT_PRESENT_IN_SOURCE,2016_POST_REORGANISATION_REGIME,CANDIDATE_FEATURE_VALID
287,348,"Laxmanchanda","Nirmal","Nirmal",UNMAPPED_PILOT_ABSENT,NOT_PRESENT_IN_SOURCE,2016_POST_REORGANISATION_REGIME,CANDIDATE_FEATURE_VALID
288,34,"Laxmidevipally","Bhadradri Kothagudem","Kothagudem",UNMAPPED_PILOT_ABSENT,NOT_PRESENT_IN_SOURCE,2016_POST_REORGANISATION_REGIME,CANDIDATE_FEATURE_VALID
289,83,"Lingalaghanpur","Jangoan","Bhongiri",UNMAPPED_PILOT_ABSENT,NOT_PRESENT_IN_SOURCE,2016_POST_REORGANISATION_REGIME,CANDIDATE_FEATURE_VALID
290,130,"Lingampet","Kamareddy","Kamareddy",UNMAPPED_PILOT_ABSENT,NOT_PRESENT_IN_SOURCE,2016_POST_REORGANISATION_REGIME,CANDIDATE_FEATURE_VALID
291,188,"Lingapur","Kumurambheem Asifabad","Asifabad",UNMAPPED_PILOT_ABSENT,NOT_PRESENT_IN_SOURCE,2016_POST_REORGANISATION_REGIME,CANDIDATE_FEATURE_VALID
292,327,"Nakrekal","Nalgonda","Nalgonda",UNMAPPED_PILOT_ABSENT,NOT_PRESENT_IN_SOURCE,2016_POST_REORGANISATION_REGIME,CANDIDATE_FEATURE_VALID
293,349,"Lokeshwaram","Nirmal","Bhainsa",UNMAPPED_PILOT_ABSENT,NOT_PRESENT_IN_SOURCE,2016_POST_REORGANISATION_REGIME,CANDIDATE_FEATURE_VALID
294,131,"Machareddy","Kamareddy","Kamareddy",UNMAPPED_PILOT_ABSENT,NOT_PRESENT_IN_SOURCE,2016_POST_REORGANISATION_REGIME,CANDIDATE_FEATURE_VALID
295,550,"Narsampet","Warangal_Rural","Narsampet",UNMAPPED_PILOT_ABSENT,NOT_PRESENT_IN_SOURCE,2016_POST_REORGANISATION_REGIME,CANDIDATE_FEATURE_VALID
296,263,"Narsapur","Medak","Narsapur",UNMAPPED_PILOT_ABSENT,NOT_PRESENT_IN_SOURCE,2016_POST_REORGANISATION_REGIME,CANDIDATE_FEATURE_VALID
297,352,"Narsapur_G","Nirmal","Bhainsa",UNMAPPED_PILOT_ABSENT,NOT_PRESENT_IN_SOURCE,2016_POST_REORGANISATION_REGIME,CANDIDATE_FEATURE_VALID
298,226,"Mahabubnagar_Rural","Mahabubnagar","Mahabubnagar",UNMAPPED_PILOT_ABSENT,NOT_PRESENT_IN_SOURCE,2016_POST_REORGANISATION_REGIME,CANDIDATE_FEATURE_VALID
299,224,"Maddur","Narayanpet","Narayanpet",UNMAPPED_PILOT_ABSENT,NOT_PRESENT_IN_SOURCE,2016_POST_REORGANISATION_REGIME,CANDIDATE_FEATURE_VALID
300,168,"Madhira","Khammam","Khammam",UNMAPPED_PILOT_ABSENT,NOT_PRESENT_IN_SOURCE,2016_POST_REORGANISATION_REGIME,CANDIDATE_FEATURE_VALID
301,132,"Madnur","Kamareddy","Banswada",UNMAPPED_PILOT_ABSENT,NOT_PRESENT_IN_SOURCE,2016_POST_REORGANISATION_REGIME,CANDIDATE_FEATURE_VALID
302,323,"Madugulapally","Nalgonda","Miryalaguda",UNMAPPED_PILOT_ABSENT,NOT_PRESENT_IN_SOURCE,2016_POST_REORGANISATION_REGIME,CANDIDATE_FEATURE_VALID
303,225,"Maganoor","Narayanpet","Narayanpet",UNMAPPED_PILOT_ABSENT,NOT_PRESENT_IN_SOURCE,2016_POST_REORGANISATION_REGIME,CANDIDATE_FEATURE_VALID
304,205,"Mahabubabad","Mahabubabad","Mahabubabad",UNMAPPED_PILOT_ABSENT,NOT_PRESENT_IN_SOURCE,2016_POST_REORGANISATION_REGIME,CANDIDATE_FEATURE_VALID
305,233,"Narva","Narayanpet","Mahabubnagar",UNMAPPED_PILOT_ABSENT,NOT_PRESENT_IN_SOURCE,2016_POST_REORGANISATION_REGIME,CANDIDATE_FEATURE_VALID
306,227,"Mahabubnagar_Urban","Mahabubnagar","Mahabubnagar",UNMAPPED_PILOT_ABSENT,NOT_PRESENT_IN_SOURCE,2016_POST_REORGANISATION_REGIME,CANDIDATE_FEATURE_VALID
307,375,"Navipet","Nizamabad","Bhainsa",UNMAPPED_PILOT_ABSENT,NOT_PRESENT_IN_SOURCE,2016_POST_REORGANISATION_REGIME,CANDIDATE_FEATURE_VALID
308,234,"Nawabpet","Mahabubnagar","Mahabubnagar",UNMAPPED_PILOT_ABSENT,NOT_PRESENT_IN_SOURCE,2016_POST_REORGANISATION_REGIME,CANDIDATE_FEATURE_VALID
309,522,"Nawabpet","Vikarabad","Chevella",UNMAPPED_PILOT_ABSENT,NOT_PRESENT_IN_SOURCE,2016_POST_REORGANISATION_REGIME,CANDIDATE_FEATURE_VALID
310,551,"Nekkonda","Warangal_Rural","Mahabubabad",UNMAPPED_PILOT_ABSENT,NOT_PRESENT_IN_SOURCE,2016_POST_REORGANISATION_REGIME,CANDIDATE_FEATURE_VALID
311,170,"Nelakondapally","Khammam","Khammam",UNMAPPED_PILOT_ABSENT,NOT_PRESENT_IN_SOURCE,2016_POST_REORGANISATION_REGIME,CANDIDATE_FEATURE_VALID
312,208,"Nellikudur","Mahabubabad","Mahabubabad",UNMAPPED_PILOT_ABSENT,NOT_PRESENT_IN_SOURCE,2016_POST_REORGANISATION_REGIME,CANDIDATE_FEATURE_VALID
313,96,"Mahadevpur","Jayashankar Bhupalpally","Bhupalpalle",UNMAPPED_PILOT_ABSENT,NOT_PRESENT_IN_SOURCE,2016_POST_REORGANISATION_REGIME,CANDIDATE_FEATURE_VALID
314,433,"Saroornagar","Rangareddy","HYDERABAD",UNMAPPED_PILOT_ABSENT,NOT_PRESENT_IN_SOURCE,2016_POST_REORGANISATION_REGIME,CANDIDATE_FEATURE_VALID
315,21,"Aswapuram","Bhadradri Kothagudem","Bhadrachalam",UNMAPPED_PILOT_ABSENT,NOT_PRESENT_IN_SOURCE,2016_POST_REORGANISATION_REGIME,CANDIDATE_FEATURE_VALID
316,76,"Bachannapet","Jangoan","Bhongiri",UNMAPPED_PILOT_ABSENT,NOT_PRESENT_IN_SOURCE,2016_POST_REORGANISATION_REGIME,CANDIDATE_FEATURE_VALID
317,276,"Bachupally","Medchal_Malkajgiri","Malkajgiri",UNMAPPED_PILOT_ABSENT,NOT_PRESENT_IN_SOURCE,2016_POST_REORGANISATION_REGIME,CANDIDATE_FEATURE_VALID
318,97,"Malharrao","Jayashankar Bhupalpally","Bhupalpalle",UNMAPPED_PILOT_ABSENT,NOT_PRESENT_IN_SOURCE,2016_POST_REORGANISATION_REGIME,CANDIDATE_FEATURE_VALID
319,332,"Nidamanoor","Nalgonda","Miryalaguda",UNMAPPED_PILOT_ABSENT,NOT_PRESENT_IN_SOURCE,2016_POST_REORGANISATION_REGIME,CANDIDATE_FEATURE_VALID
320,283,"Malkajgiri","Medchal_Malkajgiri","Keesara",UNMAPPED_PILOT_ABSENT,NOT_PRESENT_IN_SOURCE,2016_POST_REORGANISATION_REGIME,CANDIDATE_FEATURE_VALID
321,249,"Mancherial","Mancherial","Mancherial",TS-MDL-5321,4664,2016_POST_REORGANISATION_REGIME,CANDIDATE_FEATURE_VALID
322,354,"Nirmal Rural","Nirmal","Adilabad",UNMAPPED_PILOT_ABSENT,NOT_PRESENT_IN_SOURCE,2016_POST_REORGANISATION_REGIME,CANDIDATE_FEATURE_VALID
323,377,"Nizamabad Rural","Nizamabad","Bodhan",UNMAPPED_PILOT_ABSENT,NOT_PRESENT_IN_SOURCE,2016_POST_REORGANISATION_REGIME,CANDIDATE_FEATURE_VALID
324,250,"Mandamarri","Mancherial","Bellampalle",UNMAPPED_PILOT_ABSENT,NOT_PRESENT_IN_SOURCE,2016_POST_REORGANISATION_REGIME,CANDIDATE_FEATURE_VALID
325,135,"Nizamsagar","Kamareddy","Banswada",UNMAPPED_PILOT_ABSENT,NOT_PRESENT_IN_SOURCE,2016_POST_REORGANISATION_REGIME,CANDIDATE_FEATURE_VALID
326,98,"Mangapet","Mulugu","Bhadrachalam",UNMAPPED_PILOT_ABSENT,NOT_PRESENT_IN_SOURCE,2016_POST_REORGANISATION_REGIME,CANDIDATE_FEATURE_VALID
327,391,"Manthani","Peddapalli","Bhupalpalle",UNMAPPED_PILOT_ABSENT,NOT_PRESENT_IN_SOURCE,2016_POST_REORGANISATION_REGIME,CANDIDATE_FEATURE_VALID
328,35,"Manuguru","Bhadradri Kothagudem","Bhadrachalam",UNMAPPED_PILOT_ABSENT,NOT_PRESENT_IN_SOURCE,2016_POST_REORGANISATION_REGIME,CANDIDATE_FEATURE_VALID
329,51,"Maredpally","Hyderabad","Keesara",UNMAPPED_PILOT_ABSENT,NOT_PRESENT_IN_SOURCE,2016_POST_REORGANISATION_REGIME,CANDIDATE_FEATURE_VALID
330,440,"Ameenpur","Sangareddy","Malkajgiri",UNMAPPED_PILOT_ABSENT,NOT_PRESENT_IN_SOURCE,2016_POST_REORGANISATION_REGIME,CANDIDATE_FEATURE_VALID
331,445,"Jinnaram","Sangareddy","Malkajgiri",UNMAPPED_PILOT_ABSENT,NOT_PRESENT_IN_SOURCE,2016_POST_REORGANISATION_REGIME,CANDIDATE_FEATURE_VALID
332,229,"Marikal","Narayanpet","Mahabubnagar",UNMAPPED_PILOT_ABSENT,NOT_PRESENT_IN_SOURCE,2016_POST_REORGANISATION_REGIME,CANDIDATE_FEATURE_VALID
333,206,"Maripeda","Mahabubabad","Khammam",UNMAPPED_PILOT_ABSENT,NOT_PRESENT_IN_SOURCE,2016_POST_REORGANISATION_REGIME,CANDIDATE_FEATURE_VALID
334,479,"Markook","Siddipet","Bhongiri",UNMAPPED_PILOT_ABSENT,NOT_PRESENT_IN_SOURCE,2016_POST_REORGANISATION_REGIME,CANDIDATE_FEATURE_VALID
335,520,"Marpalle","Vikarabad","Sangareddy",UNMAPPED_PILOT_ABSENT,NOT_PRESENT_IN_SOURCE,2016_POST_REORGANISATION_REGIME,CANDIDATE_FEATURE_VALID
336,498,"Mattampalli","Suryapet","Kodad",UNMAPPED_PILOT_ABSENT,NOT_PRESENT_IN_SOURCE,2016_POST_REORGANISATION_REGIME,CANDIDATE_FEATURE_VALID
337,262,"Medak","Medak","Narsapur",UNMAPPED_PILOT_ABSENT,NOT_PRESENT_IN_SOURCE,2016_POST_REORGANISATION_REGIME,CANDIDATE_FEATURE_VALID
338,284,"Medchal","Medchal_Malkajgiri","Keesara",UNMAPPED_PILOT_ABSENT,NOT_PRESENT_IN_SOURCE,2016_POST_REORGANISATION_REGIME,CANDIDATE_FEATURE_VALID
339,70,"Medipalle","Jagtial","Jagtial",UNMAPPED_PILOT_ABSENT,NOT_PRESENT_IN_SOURCE,2016_POST_REORGANISATION_REGIME,CANDIDATE_FEATURE_VALID
340,536,"Pangal","Wanaparthy","Wanaparthy",UNMAPPED_PILOT_ABSENT,NOT_PRESENT_IN_SOURCE,2016_POST_REORGANISATION_REGIME,CANDIDATE_FEATURE_VALID
341,554,"Raiparthy","Warangal_Rural","Ganpur_stn",UNMAPPED_PILOT_ABSENT,NOT_PRESENT_IN_SOURCE,2016_POST_REORGANISATION_REGIME,CANDIDATE_FEATURE_VALID
342,285,"Medipally","Medchal_Malkajgiri","Ibrahimpatnam",UNMAPPED_PILOT_ABSENT,NOT_PRESENT_IN_SOURCE,2016_POST_REORGANISATION_REGIME,CANDIDATE_FEATURE_VALID
343,523,"Pargi","Vikarabad","Shadhnagar",UNMAPPED_PILOT_ABSENT,NOT_PRESENT_IN_SOURCE,2016_POST_REORGANISATION_REGIME,CANDIDATE_FEATURE_VALID
344,552,"Parkal","Warangal_Rural","Bhupalpalle",UNMAPPED_PILOT_ABSENT,NOT_PRESENT_IN_SOURCE,2016_POST_REORGANISATION_REGIME,CANDIDATE_FEATURE_VALID
345,553,"Parvathagiri","Warangal_Rural","Narsampet",UNMAPPED_PILOT_ABSENT,NOT_PRESENT_IN_SOURCE,2016_POST_REORGANISATION_REGIME,CANDIDATE_FEATURE_VALID
346,457,"Patancheruvu","Sangareddy","Chevella",UNMAPPED_PILOT_ABSENT,NOT_PRESENT_IN_SOURCE,2016_POST_REORGANISATION_REGIME,CANDIDATE_FEATURE_VALID
347,537,"Pebbair","Wanaparthy","Gadwal",UNMAPPED_PILOT_ABSENT,NOT_PRESENT_IN_SOURCE,2016_POST_REORGANISATION_REGIME,CANDIDATE_FEATURE_VALID
348,499,"Mellachervu","Suryapet","Kodad",UNMAPPED_PILOT_ABSENT,NOT_PRESENT_IN_SOURCE,2016_POST_REORGANISATION_REGIME,CANDIDATE_FEATURE_VALID
349,300,"Peddakothapalle","Nagarkurnool","Wanaparthy",UNMAPPED_PILOT_ABSENT,NOT_PRESENT_IN_SOURCE,2016_POST_REORGANISATION_REGIME,CANDIDATE_FEATURE_VALID
350,370,"Mendora","Nizamabad","Nirmal",UNMAPPED_PILOT_ABSENT,NOT_PRESENT_IN_SOURCE,2016_POST_REORGANISATION_REGIME,CANDIDATE_FEATURE_VALID
351,230,"Midjil","Mahabubnagar","Kalwakurthy",UNMAPPED_PILOT_ABSENT,NOT_PRESENT_IN_SOURCE,2016_POST_REORGANISATION_REGIME,CANDIDATE_FEATURE_VALID
352,72,"Pegadapalli","Jagtial","Jagtial",UNMAPPED_PILOT_ABSENT,NOT_PRESENT_IN_SOURCE,2016_POST_REORGANISATION_REGIME,CANDIDATE_FEATURE_VALID
353,480,"Mirdoddi","Siddipet","Medak",UNMAPPED_PILOT_ABSENT,NOT_PRESENT_IN_SOURCE,2016_POST_REORGANISATION_REGIME,CANDIDATE_FEATURE_VALID
354,452,"Mogudampally","Sangareddy","Zahirabad",UNMAPPED_PILOT_ABSENT,NOT_PRESENT_IN_SOURCE,2016_POST_REORGANISATION_REGIME,CANDIDATE_FEATURE_VALID
355,99,"Mogullapally","Jayashankar Bhupalpally","Bhupalpalle",UNMAPPED_PILOT_ABSENT,NOT_PRESENT_IN_SOURCE,2016_POST_REORGANISATION_REGIME,CANDIDATE_FEATURE_VALID
356,430,"Moinabad","Rangareddy","Chevella",UNMAPPED_PILOT_ABSENT,NOT_PRESENT_IN_SOURCE,2016_POST_REORGANISATION_REGIME,CANDIDATE_FEATURE_VALID
357,521,"Mominpet","Vikarabad","Sangareddy",UNMAPPED_PILOT_ABSENT,NOT_PRESENT_IN_SOURCE,2016_POST_REORGANISATION_REGIME,CANDIDATE_FEATURE_VALID
358,231,"Moosapet","Mahabubnagar","Mahabubnagar",UNMAPPED_PILOT_ABSENT,NOT_PRESENT_IN_SOURCE,2016_POST_REORGANISATION_REGIME,CANDIDATE_FEATURE_VALID
359,500,"Mothey","Suryapet","Khammam",UNMAPPED_PILOT_ABSENT,NOT_PRESENT_IN_SOURCE,2016_POST_REORGANISATION_REGIME,CANDIDATE_FEATURE_VALID
360,578,"Mothkur","Yadadri Bhuvanagiri","Bhongiri",UNMAPPED_PILOT_ABSENT,NOT_PRESENT_IN_SOURCE,2016_POST_REORGANISATION_REGIME,CANDIDATE_FEATURE_VALID
361,372,"Mugpal","Nizamabad","Bodhan",UNMAPPED_PILOT_ABSENT,NOT_PRESENT_IN_SOURCE,2016_POST_REORGANISATION_REGIME,CANDIDATE_FEATURE_VALID
362,36,"Mulakalapally","Bhadradri Kothagudem","Kalluru",UNMAPPED_PILOT_ABSENT,NOT_PRESENT_IN_SOURCE,2016_POST_REORGANISATION_REGIME,CANDIDATE_FEATURE_VALID
363,525,"Pudur","Vikarabad","Chevella",UNMAPPED_PILOT_ABSENT,NOT_PRESENT_IN_SOURCE,2016_POST_REORGANISATION_REGIME,CANDIDATE_FEATURE_VALID
364,458,"Pulkal","Sangareddy","Sangareddy",UNMAPPED_PILOT_ABSENT,NOT_PRESENT_IN_SOURCE,2016_POST_REORGANISATION_REGIME,CANDIDATE_FEATURE_VALID
365,261,"Manoharabad","Medak","Keesara",UNMAPPED_PILOT_ABSENT,NOT_PRESENT_IN_SOURCE,2016_POST_REORGANISATION_REGIME,CANDIDATE_FEATURE_VALID
366,100,"Mulug","Mulugu","Bhupalpalle",UNMAPPED_PILOT_ABSENT,NOT_PRESENT_IN_SOURCE,2016_POST_REORGANISATION_REGIME,CANDIDATE_FEATURE_VALID
367,481,"Mulug","Siddipet","Keesara",UNMAPPED_PILOT_ABSENT,NOT_PRESENT_IN_SOURCE,2016_POST_REORGANISATION_REGIME,CANDIDATE_FEATURE_VALID
368,501,"Munagala","Suryapet","Kodad",UNMAPPED_PILOT_ABSENT,NOT_PRESENT_IN_SOURCE,2016_POST_REORGANISATION_REGIME,CANDIDATE_FEATURE_VALID
369,52,"Musheerabad","Hyderabad","HYDERABAD",UNMAPPED_PILOT_ABSENT,NOT_PRESENT_IN_SOURCE,2016_POST_REORGANISATION_REGIME,CANDIDATE_FEATURE_VALID
370,101,"Mutharam_Mahadevpur","Jayashankar Bhupalpally","Bhupalpalle",UNMAPPED_PILOT_ABSENT,NOT_PRESENT_IN_SOURCE,2016_POST_REORGANISATION_REGIME,CANDIDATE_FEATURE_VALID
371,392,"Mutharam_Manthani","Peddapalli","Bhupalpalle",UNMAPPED_PILOT_ABSENT,NOT_PRESENT_IN_SOURCE,2016_POST_REORGANISATION_REGIME,CANDIDATE_FEATURE_VALID
372,502,"Nadigudem","Suryapet","Khammam",UNMAPPED_PILOT_ABSENT,NOT_PRESENT_IN_SOURCE,2016_POST_REORGANISATION_REGIME,CANDIDATE_FEATURE_VALID
373,454,"Nagalgidda","Sangareddy","Narayankhed",UNMAPPED_PILOT_ABSENT,NOT_PRESENT_IN_SOURCE,2016_POST_REORGANISATION_REGIME,CANDIDATE_FEATURE_VALID
374,358,"Tanoor","Nirmal","Bhainsa",UNMAPPED_PILOT_ABSENT,NOT_PRESENT_IN_SOURCE,2016_POST_REORGANISATION_REGIME,CANDIDATE_FEATURE_VALID
375,503,"Nagaram","Suryapet","Bhongiri",UNMAPPED_PILOT_ABSENT,NOT_PRESENT_IN_SOURCE,2016_POST_REORGANISATION_REGIME,CANDIDATE_FEATURE_VALID
376,12,"Mavala","Adilabad","Adilabad",UNMAPPED_PILOT_ABSENT,NOT_PRESENT_IN_SOURCE,2016_POST_REORGANISATION_REGIME,CANDIDATE_FEATURE_VALID
377,133,"Nagi_Reddypet","Kamareddy","Yellareddy",UNMAPPED_PILOT_ABSENT,NOT_PRESENT_IN_SOURCE,2016_POST_REORGANISATION_REGIME,CANDIDATE_FEATURE_VALID
378,549,"Nallabelli","Warangal_Rural","Mahabubabad",UNMAPPED_PILOT_ABSENT,NOT_PRESENT_IN_SOURCE,2016_POST_REORGANISATION_REGIME,CANDIDATE_FEATURE_VALID
379,53,"Nampally","Hyderabad","HYDERABAD",UNMAPPED_PILOT_ABSENT,NOT_PRESENT_IN_SOURCE,2016_POST_REORGANISATION_REGIME,CANDIDATE_FEATURE_VALID
380,329,"Nampally","Nalgonda","Devarakonda",UNMAPPED_PILOT_ABSENT,NOT_PRESENT_IN_SOURCE,2016_POST_REORGANISATION_REGIME,CANDIDATE_FEATURE_VALID
381,431,"Nandigama","Rangareddy","Chevella",UNMAPPED_PILOT_ABSENT,NOT_PRESENT_IN_SOURCE,2016_POST_REORGANISATION_REGIME,CANDIDATE_FEATURE_VALID
382,374,"Nandipet","Nizamabad","Bhainsa",UNMAPPED_PILOT_ABSENT,NOT_PRESENT_IN_SOURCE,2016_POST_REORGANISATION_REGIME,CANDIDATE_FEATURE_VALID
383,482,"Nangnoor","Siddipet","Gajwel",UNMAPPED_PILOT_ABSENT,NOT_PRESENT_IN_SOURCE,2016_POST_REORGANISATION_REGIME,CANDIDATE_FEATURE_VALID
384,579,"Narayanapoor","Yadadri Bhuvanagiri","Choutuppal",UNMAPPED_PILOT_ABSENT,NOT_PRESENT_IN_SOURCE,2016_POST_REORGANISATION_REGIME,CANDIDATE_FEATURE_VALID
385,455,"Narayankhed","Sangareddy","Banswada",UNMAPPED_PILOT_ABSENT,NOT_PRESENT_IN_SOURCE,2016_POST_REORGANISATION_REGIME,CANDIDATE_FEATURE_VALID
386,232,"Narayanpet","Narayanpet","Narayanpet",UNMAPPED_PILOT_ABSENT,NOT_PRESENT_IN_SOURCE,2016_POST_REORGANISATION_REGIME,CANDIDATE_FEATURE_VALID
387,330,"Narketpally","Nalgonda","Bhongiri",UNMAPPED_PILOT_ABSENT,NOT_PRESENT_IN_SOURCE,2016_POST_REORGANISATION_REGIME,CANDIDATE_FEATURE_VALID
388,154,"Ramadugu","Karimnagar","Jagtial",UNMAPPED_PILOT_ABSENT,NOT_PRESENT_IN_SOURCE,2016_POST_REORGANISATION_REGIME,CANDIDATE_FEATURE_VALID
389,396,"Ramagiri","Peddapalli","Mancherial",UNMAPPED_PILOT_ABSENT,NOT_PRESENT_IN_SOURCE,2016_POST_REORGANISATION_REGIME,CANDIDATE_FEATURE_VALID
390,210,"Thorrur","Mahabubabad","Suryapet",UNMAPPED_PILOT_ABSENT,NOT_PRESENT_IN_SOURCE,2016_POST_REORGANISATION_REGIME,CANDIDATE_FEATURE_VALID
391,509,"Thungathurthy","Suryapet","Suryapet",UNMAPPED_PILOT_ABSENT,NOT_PRESENT_IN_SOURCE,2016_POST_REORGANISATION_REGIME,CANDIDATE_FEATURE_VALID
392,336,"Tipparthy","Nalgonda","Miryalaguda",UNMAPPED_PILOT_ABSENT,NOT_PRESENT_IN_SOURCE,2016_POST_REORGANISATION_REGIME,CANDIDATE_FEATURE_VALID
393,84,"Narmetta","Jangoan","Ganpur_stn",UNMAPPED_PILOT_ABSENT,NOT_PRESENT_IN_SOURCE,2016_POST_REORGANISATION_REGIME,CANDIDATE_FEATURE_VALID
394,581,"Ramannapet","Yadadri Bhuvanagiri","Bhongiri",UNMAPPED_PILOT_ABSENT,NOT_PRESENT_IN_SOURCE,2016_POST_REORGANISATION_REGIME,CANDIDATE_FEATURE_VALID
395,13,"Narnoor","Adilabad","Adilabad",UNMAPPED_PILOT_ABSENT,NOT_PRESENT_IN_SOURCE,2016_POST_REORGANISATION_REGIME,CANDIDATE_FEATURE_VALID
396,207,"Narsimhulapet","Mahabubabad","Mahabubabad",UNMAPPED_PILOT_ABSENT,NOT_PRESENT_IN_SOURCE,2016_POST_REORGANISATION_REGIME,CANDIDATE_FEATURE_VALID
397,190,"Rebbena","Kumurambheem Asifabad","Asifabad",UNMAPPED_PILOT_ABSENT,NOT_PRESENT_IN_SOURCE,2016_POST_REORGANISATION_REGIME,CANDIDATE_FEATURE_VALID
398,338,"Tripuraram","Nalgonda","Miryalaguda",UNMAPPED_PILOT_ABSENT,NOT_PRESENT_IN_SOURCE,2016_POST_REORGANISATION_REGIME,CANDIDATE_FEATURE_VALID
399,582,"Turkapalle_M","Yadadri Bhuvanagiri","Bhongiri",UNMAPPED_PILOT_ABSENT,NOT_PRESENT_IN_SOURCE,2016_POST_REORGANISATION_REGIME,CANDIDATE_FEATURE_VALID
400,264,"Narsingi","Medak","Medak",UNMAPPED_PILOT_ABSENT,NOT_PRESENT_IN_SOURCE,2016_POST_REORGANISATION_REGIME,CANDIDATE_FEATURE_VALID
401,251,"Naspur","Mancherial","Mancherial",UNMAPPED_PILOT_ABSENT,NOT_PRESENT_IN_SOURCE,2016_POST_REORGANISATION_REGIME,CANDIDATE_FEATURE_VALID
402,140,"Sadashivnagar","Kamareddy","Kamareddy",UNMAPPED_PILOT_ABSENT,NOT_PRESENT_IN_SOURCE,2016_POST_REORGANISATION_REGIME,CANDIDATE_FEATURE_VALID
403,75,"Velgatur","Jagtial","Jagtial",UNMAPPED_PILOT_ABSENT,NOT_PRESENT_IN_SOURCE,2016_POST_REORGANISATION_REGIME,CANDIDATE_FEATURE_VALID
404,134,"Nasurullabad","Kamareddy","Banswada",UNMAPPED_PILOT_ABSENT,NOT_PRESENT_IN_SOURCE,2016_POST_REORGANISATION_REGIME,CANDIDATE_FEATURE_VALID
405,555,"Sangem","Warangal_Rural","Narsampet",UNMAPPED_PILOT_ABSENT,NOT_PRESENT_IN_SOURCE,2016_POST_REORGANISATION_REGIME,CANDIDATE_FEATURE_VALID
406,252,"Nennel","Mancherial","Bellampalle",UNMAPPED_PILOT_ABSENT,NOT_PRESENT_IN_SOURCE,2016_POST_REORGANISATION_REGIME,CANDIDATE_FEATURE_VALID
407,14,"Neradigonda","Adilabad","Adilabad",UNMAPPED_PILOT_ABSENT,NOT_PRESENT_IN_SOURCE,2016_POST_REORGANISATION_REGIME,CANDIDATE_FEATURE_VALID
408,55,"Secunderabad","Hyderabad","Malkajgiri",UNMAPPED_PILOT_ABSENT,NOT_PRESENT_IN_SOURCE,2016_POST_REORGANISATION_REGIME,CANDIDATE_FEATURE_VALID
409,504,"Nereducherla","Suryapet","Miryalaguda",UNMAPPED_PILOT_ABSENT,NOT_PRESENT_IN_SOURCE,2016_POST_REORGANISATION_REGIME,CANDIDATE_FEATURE_VALID
410,435,"Shabad","Rangareddy","Chevella",UNMAPPED_PILOT_ABSENT,NOT_PRESENT_IN_SOURCE,2016_POST_REORGANISATION_REGIME,CANDIDATE_FEATURE_VALID
411,331,"Neredugommu","Nalgonda","Devarakonda",UNMAPPED_PILOT_ABSENT,NOT_PRESENT_IN_SOURCE,2016_POST_REORGANISATION_REGIME,CANDIDATE_FEATURE_VALID
412,155,"Shankarapatnam","Karimnagar","Huzurabad",UNMAPPED_PILOT_ABSENT,NOT_PRESENT_IN_SOURCE,2016_POST_REORGANISATION_REGIME,CANDIDATE_FEATURE_VALID
413,437,"Shankarpalle","Rangareddy","Chevella",UNMAPPED_PILOT_ABSENT,NOT_PRESENT_IN_SOURCE,2016_POST_REORGANISATION_REGIME,CANDIDATE_FEATURE_VALID
414,353,"Nirmal","Nirmal","Nirmal",UNMAPPED_PILOT_ABSENT,NOT_PRESENT_IN_SOURCE,2016_POST_REORGANISATION_REGIME,CANDIDATE_FEATURE_VALID
415,376,"Nizamabad North","Nizamabad","Nizamabad",UNMAPPED_PILOT_ABSENT,NOT_PRESENT_IN_SOURCE,2016_POST_REORGANISATION_REGIME,CANDIDATE_FEATURE_VALID
416,378,"Nizamabad South","Nizamabad","Nizamabad",UNMAPPED_PILOT_ABSENT,NOT_PRESENT_IN_SOURCE,2016_POST_REORGANISATION_REGIME,CANDIDATE_FEATURE_VALID
417,265,"Nizampet","Medak","Kamareddy",UNMAPPED_PILOT_ABSENT,NOT_PRESENT_IN_SOURCE,2016_POST_REORGANISATION_REGIME,CANDIDATE_FEATURE_VALID
418,505,"Noothankal","Suryapet","Khammam",UNMAPPED_PILOT_ABSENT,NOT_PRESENT_IN_SOURCE,2016_POST_REORGANISATION_REGIME,CANDIDATE_FEATURE_VALID
419,393,"Odela","Peddapalli","Huzurabad",UNMAPPED_PILOT_ABSENT,NOT_PRESENT_IN_SOURCE,2016_POST_REORGANISATION_REGIME,CANDIDATE_FEATURE_VALID
420,299,"Padara","Nagarkurnool","Devarakonda",UNMAPPED_PILOT_ABSENT,NOT_PRESENT_IN_SOURCE,2016_POST_REORGANISATION_REGIME,CANDIDATE_FEATURE_VALID
421,506,"Palakeedu","Suryapet","Kodad",UNMAPPED_PILOT_ABSENT,NOT_PRESENT_IN_SOURCE,2016_POST_REORGANISATION_REGIME,CANDIDATE_FEATURE_VALID
422,386,"Anthergaon","Peddapalli","Mancherial",UNMAPPED_PILOT_ABSENT,NOT_PRESENT_IN_SOURCE,2016_POST_REORGANISATION_REGIME,CANDIDATE_FEATURE_VALID
423,85,"Palakurthy","Jangoan","Ganpur_stn",UNMAPPED_PILOT_ABSENT,NOT_PRESENT_IN_SOURCE,2016_POST_REORGANISATION_REGIME,CANDIDATE_FEATURE_VALID
424,394,"Palakurthy","Peddapalli","Jagtial",UNMAPPED_PILOT_ABSENT,NOT_PRESENT_IN_SOURCE,2016_POST_REORGANISATION_REGIME,CANDIDATE_FEATURE_VALID
425,102,"Palmela","Jayashankar Bhupalpally","Bhupalpalle",UNMAPPED_PILOT_ABSENT,NOT_PRESENT_IN_SOURCE,2016_POST_REORGANISATION_REGIME,CANDIDATE_FEATURE_VALID
426,398,"Srirampur","Peddapalli","Bhupalpalle",UNMAPPED_PILOT_ABSENT,NOT_PRESENT_IN_SOURCE,2016_POST_REORGANISATION_REGIME,CANDIDATE_FEATURE_VALID
427,540,"Srirangapur","Wanaparthy","Wanaparthy",UNMAPPED_PILOT_ABSENT,NOT_PRESENT_IN_SOURCE,2016_POST_REORGANISATION_REGIME,CANDIDATE_FEATURE_VALID
428,37,"Palvancha","Bhadradri Kothagudem","Bhadrachalam",UNMAPPED_PILOT_ABSENT,NOT_PRESENT_IN_SOURCE,2016_POST_REORGANISATION_REGIME,CANDIDATE_FEATURE_VALID
429,399,"Sultanabad","Peddapalli","Huzurabad",UNMAPPED_PILOT_ABSENT,NOT_PRESENT_IN_SOURCE,2016_POST_REORGANISATION_REGIME,CANDIDATE_FEATURE_VALID
430,266,"Papannapet","Medak","Narsapur",UNMAPPED_PILOT_ABSENT,NOT_PRESENT_IN_SOURCE,2016_POST_REORGANISATION_REGIME,CANDIDATE_FEATURE_VALID
431,302,"Tadoor","Nagarkurnool","Kalwakurthy",UNMAPPED_PILOT_ABSENT,NOT_PRESENT_IN_SOURCE,2016_POST_REORGANISATION_REGIME,CANDIDATE_FEATURE_VALID
432,136,"Pedda Kodapgal","Kamareddy","Banswada",UNMAPPED_PILOT_ABSENT,NOT_PRESENT_IN_SOURCE,2016_POST_REORGANISATION_REGIME,CANDIDATE_FEATURE_VALID
433,438,"Talakondapally","Rangareddy","Kalwakurthy",UNMAPPED_PILOT_ABSENT,NOT_PRESENT_IN_SOURCE,2016_POST_REORGANISATION_REGIME,CANDIDATE_FEATURE_VALID
434,384,"Yedapally","Nizamabad","Bodhan",UNMAPPED_PILOT_ABSENT,NOT_PRESENT_IN_SOURCE,2016_POST_REORGANISATION_REGIME,CANDIDATE_FEATURE_VALID
435,209,"Peddavangara","Mahabubabad","Ganpur_stn",UNMAPPED_PILOT_ABSENT,NOT_PRESENT_IN_SOURCE,2016_POST_REORGANISATION_REGIME,CANDIDATE_FEATURE_VALID
436,334,"Peddavoora","Nalgonda","Devarakonda",UNMAPPED_PILOT_ABSENT,NOT_PRESENT_IN_SOURCE,2016_POST_REORGANISATION_REGIME,CANDIDATE_FEATURE_VALID
437,524,"Peddemul","Vikarabad","Tandur",UNMAPPED_PILOT_ABSENT,NOT_PRESENT_IN_SOURCE,2016_POST_REORGANISATION_REGIME,CANDIDATE_FEATURE_VALID
438,355,"Pembi","Nirmal","Adilabad",UNMAPPED_PILOT_ABSENT,NOT_PRESENT_IN_SOURCE,2016_POST_REORGANISATION_REGIME,CANDIDATE_FEATURE_VALID
439,303,"Telkapalle","Nagarkurnool","Kalwakurthy",UNMAPPED_PILOT_ABSENT,NOT_PRESENT_IN_SOURCE,2016_POST_REORGANISATION_REGIME,CANDIDATE_FEATURE_VALID
440,175,"Thallada","Khammam","Kalluru",UNMAPPED_PILOT_ABSENT,NOT_PRESENT_IN_SOURCE,2016_POST_REORGANISATION_REGIME,CANDIDATE_FEATURE_VALID
441,57,"Tirumalgiri","Hyderabad","Malkajgiri",UNMAPPED_PILOT_ABSENT,NOT_PRESENT_IN_SOURCE,2016_POST_REORGANISATION_REGIME,CANDIDATE_FEATURE_VALID
442,189,"Penchikalpet","Kumurambheem Asifabad","Kagaznagar",UNMAPPED_PILOT_ABSENT,NOT_PRESENT_IN_SOURCE,2016_POST_REORGANISATION_REGIME,CANDIDATE_FEATURE_VALID
443,507,"Penpahad","Suryapet","Kodad",UNMAPPED_PILOT_ABSENT,NOT_PRESENT_IN_SOURCE,2016_POST_REORGANISATION_REGIME,CANDIDATE_FEATURE_VALID
444,304,"Thimmajipeta","Nagarkurnool","Mahabubnagar",UNMAPPED_PILOT_ABSENT,NOT_PRESENT_IN_SOURCE,2016_POST_REORGANISATION_REGIME,CANDIDATE_FEATURE_VALID
445,171,"Penuballi","Khammam","Kalluru",UNMAPPED_PILOT_ABSENT,NOT_PRESENT_IN_SOURCE,2016_POST_REORGANISATION_REGIME,CANDIDATE_FEATURE_VALID
446,38,"Pinapaka","Bhadradri Kothagudem","Bhadrachalam",UNMAPPED_PILOT_ABSENT,NOT_PRESENT_IN_SOURCE,2016_POST_REORGANISATION_REGIME,CANDIDATE_FEATURE_VALID
447,286,"Quthbullapur","Medchal_Malkajgiri","Malkajgiri",UNMAPPED_PILOT_ABSENT,NOT_PRESENT_IN_SOURCE,2016_POST_REORGANISATION_REGIME,CANDIDATE_FEATURE_VALID
448,172,"Raghunadhapalem","Khammam","Kalluru",UNMAPPED_PILOT_ABSENT,NOT_PRESENT_IN_SOURCE,2016_POST_REORGANISATION_REGIME,CANDIDATE_FEATURE_VALID
449,86,"Ragunathpally","Jangoan","Ganpur_stn",UNMAPPED_PILOT_ABSENT,NOT_PRESENT_IN_SOURCE,2016_POST_REORGANISATION_REGIME,CANDIDATE_FEATURE_VALID
450,73,"Raikal","Jagtial","Jagtial",UNMAPPED_PILOT_ABSENT,NOT_PRESENT_IN_SOURCE,2016_POST_REORGANISATION_REGIME,CANDIDATE_FEATURE_VALID
451,459,"Raikode","Sangareddy","Narayankhed",UNMAPPED_PILOT_ABSENT,NOT_PRESENT_IN_SOURCE,2016_POST_REORGANISATION_REGIME,CANDIDATE_FEATURE_VALID
452,288,"Uppal","Medchal_Malkajgiri","HYDERABAD",UNMAPPED_PILOT_ABSENT,NOT_PRESENT_IN_SOURCE,2016_POST_REORGANISATION_REGIME,CANDIDATE_FEATURE_VALID
453,305,"Uppunuthala","Nagarkurnool","Devarakonda",UNMAPPED_PILOT_ABSENT,NOT_PRESENT_IN_SOURCE,2016_POST_REORGANISATION_REGIME,CANDIDATE_FEATURE_VALID
454,306,"Urkonda","Nagarkurnool","Kalwakurthy",UNMAPPED_PILOT_ABSENT,NOT_PRESENT_IN_SOURCE,2016_POST_REORGANISATION_REGIME,CANDIDATE_FEATURE_VALID
455,157,"V_Saidapur","Karimnagar","Huzurabad",UNMAPPED_PILOT_ABSENT,NOT_PRESENT_IN_SOURCE,2016_POST_REORGANISATION_REGIME,CANDIDATE_FEATURE_VALID
456,382,"Vailpur","Nizamabad","Armur",UNMAPPED_PILOT_ABSENT,NOT_PRESENT_IN_SOURCE,2016_POST_REORGANISATION_REGIME,CANDIDATE_FEATURE_VALID
457,583,"Valigonda","Yadadri Bhuvanagiri","Bhongiri",UNMAPPED_PILOT_ABSENT,NOT_PRESENT_IN_SOURCE,2016_POST_REORGANISATION_REGIME,CANDIDATE_FEATURE_VALID
458,307,"Vangoor","Nagarkurnool","Devarakonda",UNMAPPED_PILOT_ABSENT,NOT_PRESENT_IN_SOURCE,2016_POST_REORGANISATION_REGIME,CANDIDATE_FEATURE_VALID
459,483,"Raipole","Siddipet","Gajwel",UNMAPPED_PILOT_ABSENT,NOT_PRESENT_IN_SOURCE,2016_POST_REORGANISATION_REGIME,CANDIDATE_FEATURE_VALID
460,138,"Rajampet","Kamareddy","Kamareddy",UNMAPPED_PILOT_ABSENT,NOT_PRESENT_IN_SOURCE,2016_POST_REORGANISATION_REGIME,CANDIDATE_FEATURE_VALID
461,580,"Rajapeta","Yadadri Bhuvanagiri","Bhongiri",UNMAPPED_PILOT_ABSENT,NOT_PRESENT_IN_SOURCE,2016_POST_REORGANISATION_REGIME,CANDIDATE_FEATURE_VALID
462,18,"Utnur","Adilabad","Adilabad",UNMAPPED_PILOT_ABSENT,NOT_PRESENT_IN_SOURCE,2016_POST_REORGANISATION_REGIME,CANDIDATE_FEATURE_VALID
463,339,"Vemulapally","Nalgonda","Miryalaguda",UNMAPPED_PILOT_ABSENT,NOT_PRESENT_IN_SOURCE,2016_POST_REORGANISATION_REGIME,CANDIDATE_FEATURE_VALID
464,410,"Vemulawada","Rajanna Sircilla","Sirsilla",UNMAPPED_PILOT_ABSENT,NOT_PRESENT_IN_SOURCE,2016_POST_REORGANISATION_REGIME,CANDIDATE_FEATURE_VALID
465,411,"Vemulawada Rural","Rajanna Sircilla","Jagtial",UNMAPPED_PILOT_ABSENT,NOT_PRESENT_IN_SOURCE,2016_POST_REORGANISATION_REGIME,CANDIDATE_FEATURE_VALID
466,235,"Rajapur","Mahabubnagar","Mahabubnagar",UNMAPPED_PILOT_ABSENT,NOT_PRESENT_IN_SOURCE,2016_POST_REORGANISATION_REGIME,CANDIDATE_FEATURE_VALID
467,30,"Gundala","Bhadradri Kothagudem","Bhadrachalam",UNMAPPED_PILOT_ABSENT,NOT_PRESENT_IN_SOURCE,2016_POST_REORGANISATION_REGIME,CANDIDATE_FEATURE_VALID
468,473,"Husnabad","Siddipet","Huzurabad",UNMAPPED_PILOT_ABSENT,NOT_PRESENT_IN_SOURCE,2016_POST_REORGANISATION_REGIME,CANDIDATE_FEATURE_VALID
469,494,"Huzur nagar","Suryapet","Kodad",UNMAPPED_PILOT_ABSENT,NOT_PRESENT_IN_SOURCE,2016_POST_REORGANISATION_REGIME,CANDIDATE_FEATURE_VALID
470,148,"Huzurabad","Karimnagar","Huzurabad",UNMAPPED_PILOT_ABSENT,NOT_PRESENT_IN_SOURCE,2016_POST_REORGANISATION_REGIME,CANDIDATE_FEATURE_VALID
471,432,"Rajendranagar","Rangareddy","Chevella",UNMAPPED_PILOT_ABSENT,NOT_PRESENT_IN_SOURCE,2016_POST_REORGANISATION_REGIME,CANDIDATE_FEATURE_VALID
472,541,"Wanaparthy","Wanaparthy","Wanaparthy",UNMAPPED_PILOT_ABSENT,NOT_PRESENT_IN_SOURCE,2016_POST_REORGANISATION_REGIME,CANDIDATE_FEATURE_VALID
473,118,"Rajoli","Jogulamba Gadwal","Gadwal",UNMAPPED_PILOT_ABSENT,NOT_PRESENT_IN_SOURCE,2016_POST_REORGANISATION_REGIME,CANDIDATE_FEATURE_VALID
474,460,"Ramachandrapuram","Sangareddy","Chevella",UNMAPPED_PILOT_ABSENT,NOT_PRESENT_IN_SOURCE,2016_POST_REORGANISATION_REGIME,CANDIDATE_FEATURE_VALID
475,557,"Wardhannapet","Warangal_Rural","Ganpur_stn",UNMAPPED_PILOT_ABSENT,NOT_PRESENT_IN_SOURCE,2016_POST_REORGANISATION_REGIME,CANDIDATE_FEATURE_VALID
476,397,"Ramagundam","Peddapalli","Mancherial",UNMAPPED_PILOT_ABSENT,NOT_PRESENT_IN_SOURCE,2016_POST_REORGANISATION_REGIME,CANDIDATE_FEATURE_VALID
477,542,"Weepangandla","Wanaparthy","Wanaparthy",UNMAPPED_PILOT_ABSENT,NOT_PRESENT_IN_SOURCE,2016_POST_REORGANISATION_REGIME,CANDIDATE_FEATURE_VALID
478,139,"Ramareddy","Kamareddy","Kamareddy",UNMAPPED_PILOT_ABSENT,NOT_PRESENT_IN_SOURCE,2016_POST_REORGANISATION_REGIME,CANDIDATE_FEATURE_VALID
479,267,"Ramayampet","Medak","Kamareddy",UNMAPPED_PILOT_ABSENT,NOT_PRESENT_IN_SOURCE,2016_POST_REORGANISATION_REGIME,CANDIDATE_FEATURE_VALID
480,528,"Yelal","Vikarabad","Tandur",UNMAPPED_PILOT_ABSENT,NOT_PRESENT_IN_SOURCE,2016_POST_REORGANISATION_REGIME,CANDIDATE_FEATURE_VALID
481,268,"Regode","Medak","Narayankhed",UNMAPPED_PILOT_ABSENT,NOT_PRESENT_IN_SOURCE,2016_POST_REORGANISATION_REGIME,CANDIDATE_FEATURE_VALID
482,142,"Yellareddy","Kamareddy","Banswada",UNMAPPED_PILOT_ABSENT,NOT_PRESENT_IN_SOURCE,2016_POST_REORGANISATION_REGIME,CANDIDATE_FEATURE_VALID
483,406,"Rudrangi","Rajanna Sircilla","Metpalle",UNMAPPED_PILOT_ABSENT,NOT_PRESENT_IN_SOURCE,2016_POST_REORGANISATION_REGIME,CANDIDATE_FEATURE_VALID
484,108,"Wazeed","Mulugu","Mulug",UNMAPPED_PILOT_ABSENT,NOT_PRESENT_IN_SOURCE,2016_POST_REORGANISATION_REGIME,CANDIDATE_FEATURE_VALID
485,380,"Rudrur","Nizamabad","Bodhan",UNMAPPED_PILOT_ABSENT,NOT_PRESENT_IN_SOURCE,2016_POST_REORGANISATION_REGIME,CANDIDATE_FEATURE_VALID
486,298,"Nagar_Kurnool","Nagarkurnool","Wanaparthy",UNMAPPED_PILOT_ABSENT,NOT_PRESENT_IN_SOURCE,2016_POST_REORGANISATION_REGIME,CANDIDATE_FEATURE_VALID
487,462,"Sangareddy","Sangareddy","Sangareddy",UNMAPPED_PILOT_ABSENT,NOT_PRESENT_IN_SOURCE,2016_POST_REORGANISATION_REGIME,CANDIDATE_FEATURE_VALID
488,236,"Utkoor","Narayanpet","Narayanpet",UNMAPPED_PILOT_ABSENT,NOT_PRESENT_IN_SOURCE,2016_POST_REORGANISATION_REGIME,CANDIDATE_FEATURE_VALID
489,74,"Sarangapur","Jagtial","Jagtial",UNMAPPED_PILOT_ABSENT,NOT_PRESENT_IN_SOURCE,2016_POST_REORGANISATION_REGIME,CANDIDATE_FEATURE_VALID
490,356,"Sarangapur","Nirmal","Adilabad",UNMAPPED_PILOT_ABSENT,NOT_PRESENT_IN_SOURCE,2016_POST_REORGANISATION_REGIME,CANDIDATE_FEATURE_VALID
491,173,"Sathupally","Khammam","Kalluru",UNMAPPED_PILOT_ABSENT,NOT_PRESENT_IN_SOURCE,2016_POST_REORGANISATION_REGIME,CANDIDATE_FEATURE_VALID
492,434,"Serilingampalle","Rangareddy","Malkajgiri",UNMAPPED_PILOT_ABSENT,NOT_PRESENT_IN_SOURCE,2016_POST_REORGANISATION_REGIME,CANDIDATE_FEATURE_VALID
493,56,"Shaikpet","Hyderabad","HYDERABAD",UNMAPPED_PILOT_ABSENT,NOT_PRESENT_IN_SOURCE,2016_POST_REORGANISATION_REGIME,CANDIDATE_FEATURE_VALID
494,335,"Shaligouraram","Nalgonda","Bhongiri",UNMAPPED_PILOT_ABSENT,NOT_PRESENT_IN_SOURCE,2016_POST_REORGANISATION_REGIME,CANDIDATE_FEATURE_VALID
495,287,"Shamirpet","Medchal_Malkajgiri","Keesara",UNMAPPED_PILOT_ABSENT,NOT_PRESENT_IN_SOURCE,2016_POST_REORGANISATION_REGIME,CANDIDATE_FEATURE_VALID
496,436,"Shamshabad","Rangareddy","Chevella",UNMAPPED_PILOT_ABSENT,NOT_PRESENT_IN_SOURCE,2016_POST_REORGANISATION_REGIME,CANDIDATE_FEATURE_VALID
497,383,"Varni","Nizamabad","Banswada",UNMAPPED_PILOT_ABSENT,NOT_PRESENT_IN_SOURCE,2016_POST_REORGANISATION_REGIME,CANDIDATE_FEATURE_VALID
498,269,"Shankarampet_A","Medak","Banswada",UNMAPPED_PILOT_ABSENT,NOT_PRESENT_IN_SOURCE,2016_POST_REORGANISATION_REGIME,CANDIDATE_FEATURE_VALID
499,256,"Chegunta","Medak","Medak",UNMAPPED_PILOT_ABSENT,NOT_PRESENT_IN_SOURCE,2016_POST_REORGANISATION_REGIME,CANDIDATE_FEATURE_VALID
500,484,"Siddipet_Rural","Siddipet","Sirsilla",UNMAPPED_PILOT_ABSENT,NOT_PRESENT_IN_SOURCE,2016_POST_REORGANISATION_REGIME,CANDIDATE_FEATURE_VALID
501,137,"Pitlam","Kamareddy","Banswada",UNMAPPED_PILOT_ABSENT,NOT_PRESENT_IN_SOURCE,2016_POST_REORGANISATION_REGIME,CANDIDATE_FEATURE_VALID
502,485,"Siddipet_Urban","Siddipet","Gajwel",UNMAPPED_PILOT_ABSENT,NOT_PRESENT_IN_SOURCE,2016_POST_REORGANISATION_REGIME,CANDIDATE_FEATURE_VALID
503,309,"Adavidevulapally","Nalgonda","Miryalaguda",UNMAPPED_PILOT_ABSENT,NOT_PRESENT_IN_SOURCE,2016_POST_REORGANISATION_REGIME,CANDIDATE_FEATURE_VALID
504,409,"Veernapalli","Rajanna Sircilla","Kamareddy",UNMAPPED_PILOT_ABSENT,NOT_PRESENT_IN_SOURCE,2016_POST_REORGANISATION_REGIME,CANDIDATE_FEATURE_VALID
505,43,"Ammerpet","Hyderabad","Malkajgiri",UNMAPPED_PILOT_ABSENT,NOT_PRESENT_IN_SOURCE,2016_POST_REORGANISATION_REGIME,CANDIDATE_FEATURE_VALID
506,290,"Amrabad","Nagarkurnool","Achampet",UNMAPPED_PILOT_ABSENT,NOT_PRESENT_IN_SOURCE,2016_POST_REORGANISATION_REGIME,CANDIDATE_FEATURE_VALID
507,254,"Vemanpalle","Mancherial","Bellampalle",UNMAPPED_PILOT_ABSENT,NOT_PRESENT_IN_SOURCE,2016_POST_REORGANISATION_REGIME,CANDIDATE_FEATURE_VALID
508,174,"Singareni","Khammam","Kalluru",UNMAPPED_PILOT_ABSENT,NOT_PRESENT_IN_SOURCE,2016_POST_REORGANISATION_REGIME,CANDIDATE_FEATURE_VALID
509,407,"Sircilla","Rajanna Sircilla","Sirsilla",UNMAPPED_PILOT_ABSENT,NOT_PRESENT_IN_SOURCE,2016_POST_REORGANISATION_REGIME,CANDIDATE_FEATURE_VALID
510,223,"Krishna","Narayanpet","Narayanpet",UNMAPPED_PILOT_ABSENT,NOT_PRESENT_IN_SOURCE,2016_POST_REORGANISATION_REGIME,CANDIDATE_FEATURE_VALID
511,20,"Annapureddipalle","Bhadradri Kothagudem","Kalluru",UNMAPPED_PILOT_ABSENT,NOT_PRESENT_IN_SOURCE,2016_POST_REORGANISATION_REGIME,CANDIDATE_FEATURE_VALID
512,310,"Anumula_Haliya","Nalgonda","Devarakonda",UNMAPPED_PILOT_ABSENT,NOT_PRESENT_IN_SOURCE,2016_POST_REORGANISATION_REGIME,CANDIDATE_FEATURE_VALID
513,359,"Armoor","Nizamabad","Nizamabad",UNMAPPED_PILOT_ABSENT,NOT_PRESENT_IN_SOURCE,2016_POST_REORGANISATION_REGIME,CANDIDATE_FEATURE_VALID
514,180,"Asifabad","Kumurambheem Asifabad","Asifabad",TS-MDL-7105,4646,2016_POST_REORGANISATION_REGIME,CANDIDATE_FEATURE_VALID
515,463,"Sirgapoor","Sangareddy","Banswada",UNMAPPED_PILOT_ABSENT,NOT_PRESENT_IN_SOURCE,2016_POST_REORGANISATION_REGIME,CANDIDATE_FEATURE_VALID
516,552,"Nadikuda","Warangal_Rural","Bhupalpalle",UNMAPPED_PILOT_ABSENT,NOT_PRESENT_IN_SOURCE,2016_POST_REORGANISATION_REGIME,CANDIDATE_FEATURE_VALID
517,15,"Sirikonda","Adilabad","Adilabad",UNMAPPED_PILOT_ABSENT,NOT_PRESENT_IN_SOURCE,2016_POST_REORGANISATION_REGIME,CANDIDATE_FEATURE_VALID
518,381,"Sirikonda","Nizamabad","Kamareddy",UNMAPPED_PILOT_ABSENT,NOT_PRESENT_IN_SOURCE,2016_POST_REORGANISATION_REGIME,CANDIDATE_FEATURE_VALID
519,413,"Abdullapurmet","Rangareddy","Bhongiri",UNMAPPED_PILOT_ABSENT,NOT_PRESENT_IN_SOURCE,2016_POST_REORGANISATION_REGIME,CANDIDATE_FEATURE_VALID
520,289,"Achampet","Nagarkurnool","Devarakonda",UNMAPPED_PILOT_ABSENT,NOT_PRESENT_IN_SOURCE,2016_POST_REORGANISATION_REGIME,CANDIDATE_FEATURE_VALID
521,46,"Bandlaguda","Hyderabad","HYDERABAD",UNMAPPED_PILOT_ABSENT,NOT_PRESENT_IN_SOURCE,2016_POST_REORGANISATION_REGIME,CANDIDATE_FEATURE_VALID
522,211,"Addakal","Mahabubnagar","Mahabubnagar",UNMAPPED_PILOT_ABSENT,NOT_PRESENT_IN_SOURCE,2016_POST_REORGANISATION_REGIME,CANDIDATE_FEATURE_VALID
523,577,"Motakondur","Yadadri Bhuvanagiri","Bhongiri",UNMAPPED_PILOT_ABSENT,NOT_PRESENT_IN_SOURCE,2016_POST_REORGANISATION_REGIME,CANDIDATE_FEATURE_VALID
524,373,"Mupkal","Nizamabad","Nirmal",UNMAPPED_PILOT_ABSENT,NOT_PRESENT_IN_SOURCE,2016_POST_REORGANISATION_REGIME,CANDIDATE_FEATURE_VALID
525,213,"Bhoothpur","Mahabubnagar","Mahabubnagar",UNMAPPED_PILOT_ABSENT,NOT_PRESENT_IN_SOURCE,2016_POST_REORGANISATION_REGIME,CANDIDATE_FEATURE_VALID
526,89,"Bhupalpally","Jayashankar Bhupalpally","Bhupalpalle",UNMAPPED_PILOT_ABSENT,NOT_PRESENT_IN_SOURCE,2016_POST_REORGANISATION_REGIME,CANDIDATE_FEATURE_VALID
527,574,"Bibinagar","Yadadri Bhuvanagiri","Bhongiri",UNMAPPED_PILOT_ABSENT,NOT_PRESENT_IN_SOURCE,2016_POST_REORGANISATION_REGIME,CANDIDATE_FEATURE_VALID
528,23,"Bhadrachalam","Bhadradri Kothagudem","Bhadrachalam",UNMAPPED_PILOT_ABSENT,NOT_PRESENT_IN_SOURCE,2016_POST_REORGANISATION_REGIME,CANDIDATE_FEATURE_VALID
529,341,"Bhainsa","Nirmal","Bhainsa",UNMAPPED_PILOT_ABSENT,NOT_PRESENT_IN_SOURCE,2016_POST_REORGANISATION_REGIME,CANDIDATE_FEATURE_VALID
530,558,"Bheemadevarapalli","Warangal_Urban","Huzurabad",UNMAPPED_PILOT_ABSENT,NOT_PRESENT_IN_SOURCE,2016_POST_REORGANISATION_REGIME,CANDIDATE_FEATURE_VALID
531,239,"Bheemini","Mancherial","Asifabad",UNMAPPED_PILOT_ABSENT,NOT_PRESENT_IN_SOURCE,2016_POST_REORGANISATION_REGIME,CANDIDATE_FEATURE_VALID
532,312,"Chandur","Nalgonda","Choutuppal",UNMAPPED_PILOT_ABSENT,NOT_PRESENT_IN_SOURCE,2016_POST_REORGANISATION_REGIME,CANDIDATE_FEATURE_VALID
533,416,"Chevella","Rangareddy","Chevella",UNMAPPED_PILOT_ABSENT,NOT_PRESENT_IN_SOURCE,2016_POST_REORGANISATION_REGIME,CANDIDATE_FEATURE_VALID
534,90,"Chityal","Jayashankar Bhupalpally","Bhupalpalle",UNMAPPED_PILOT_ABSENT,NOT_PRESENT_IN_SOURCE,2016_POST_REORGANISATION_REGIME,CANDIDATE_FEATURE_VALID
535,387,"Dharmaram","Peddapalli","Jagtial",UNMAPPED_PILOT_ABSENT,NOT_PRESENT_IN_SOURCE,2016_POST_REORGANISATION_REGIME,CANDIDATE_FEATURE_VALID
536,559,"Dharmasagar","Warangal_Urban","Ganpur_stn",UNMAPPED_PILOT_ABSENT,NOT_PRESENT_IN_SOURCE,2016_POST_REORGANISATION_REGIME,CANDIDATE_FEATURE_VALID
537,220,"Jadcherla","Mahabubnagar","Kandukur",UNMAPPED_PILOT_ABSENT,NOT_PRESENT_IN_SOURCE,2016_POST_REORGANISATION_REGIME,CANDIDATE_FEATURE_VALID
538,474,"Jagdevpur","Siddipet","Bhongiri",UNMAPPED_PILOT_ABSENT,NOT_PRESENT_IN_SOURCE,2016_POST_REORGANISATION_REGIME,CANDIDATE_FEATURE_VALID
539,446,"Kalher","Sangareddy","Banswada",UNMAPPED_PILOT_ABSENT,NOT_PRESENT_IN_SOURCE,2016_POST_REORGANISATION_REGIME,CANDIDATE_FEATURE_VALID
540,162,"Kalluru","Khammam","Kalluru",UNMAPPED_PILOT_ABSENT,NOT_PRESENT_IN_SOURCE,2016_POST_REORGANISATION_REGIME,CANDIDATE_FEATURE_VALID
541,151,"Karimnagar_Rural","Karimnagar","Karimnagar",UNMAPPED_PILOT_ABSENT,NOT_PRESENT_IN_SOURCE,2016_POST_REORGANISATION_REGIME,CANDIDATE_FEATURE_VALID
542,476,"Komuravelli","Siddipet","Gajwel",UNMAPPED_PILOT_ABSENT,NOT_PRESENT_IN_SOURCE,2016_POST_REORGANISATION_REGIME,CANDIDATE_FEATURE_VALID
543,478,"Maddur","Siddipet","Jangoan",UNMAPPED_PILOT_ABSENT,NOT_PRESENT_IN_SOURCE,2016_POST_REORGANISATION_REGIME,CANDIDATE_FEATURE_VALID
544,427,"Madgul","Rangareddy","Devarakonda",UNMAPPED_PILOT_ABSENT,NOT_PRESENT_IN_SOURCE,2016_POST_REORGANISATION_REGIME,CANDIDATE_FEATURE_VALID
545,518,"Kotepally","Vikarabad","Tandur",UNMAPPED_PILOT_ABSENT,NOT_PRESENT_IN_SOURCE,2016_POST_REORGANISATION_REGIME,CANDIDATE_FEATURE_VALID
546,429,"Manchal","Rangareddy","Choutuppal",UNMAPPED_PILOT_ABSENT,NOT_PRESENT_IN_SOURCE,2016_POST_REORGANISATION_REGIME,CANDIDATE_FEATURE_VALID
547,426,"Kothur","Rangareddy","Chevella",UNMAPPED_PILOT_ABSENT,NOT_PRESENT_IN_SOURCE,2016_POST_REORGANISATION_REGIME,CANDIDATE_FEATURE_VALID
548,371,"Morthad","Nizamabad","Armur",UNMAPPED_PILOT_ABSENT,NOT_PRESENT_IN_SOURCE,2016_POST_REORGANISATION_REGIME,CANDIDATE_FEATURE_VALID
549,328,"Nalgonda","Nalgonda","Miryalaguda",UNMAPPED_PILOT_ABSENT,NOT_PRESENT_IN_SOURCE,2016_POST_REORGANISATION_REGIME,CANDIDATE_FEATURE_VALID
550,333,"Peda Adisharla Palli","Nalgonda","Devarakonda",UNMAPPED_PILOT_ABSENT,NOT_PRESENT_IN_SOURCE,2016_POST_REORGANISATION_REGIME,CANDIDATE_FEATURE_VALID
551,538,"Peddamandaddi","Wanaparthy","Mahabubnagar",UNMAPPED_PILOT_ABSENT,NOT_PRESENT_IN_SOURCE,2016_POST_REORGANISATION_REGIME,CANDIDATE_FEATURE_VALID
552,395,"Peddapalli","Peddapalli","Manthani",UNMAPPED_PILOT_ABSENT,NOT_PRESENT_IN_SOURCE,2016_POST_REORGANISATION_REGIME,CANDIDATE_FEATURE_VALID
553,301,"Pentlavelli","Nagarkurnool","Wanaparthy",UNMAPPED_PILOT_ABSENT,NOT_PRESENT_IN_SOURCE,2016_POST_REORGANISATION_REGIME,CANDIDATE_FEATURE_VALID
554,119,"Undavelly","Jogulamba Gadwal","Gadwal",UNMAPPED_PILOT_ABSENT,NOT_PRESENT_IN_SOURCE,2016_POST_REORGANISATION_REGIME,CANDIDATE_FEATURE_VALID
555,567,"Velair","Warangal_Urban","Ganpur_stn",UNMAPPED_PILOT_ABSENT,NOT_PRESENT_IN_SOURCE,2016_POST_REORGANISATION_REGIME,CANDIDATE_FEATURE_VALID
556,308,"Veldanda","Nagarkurnool","Ibrahimpatnam",UNMAPPED_PILOT_ABSENT,NOT_PRESENT_IN_SOURCE,2016_POST_REORGANISATION_REGIME,CANDIDATE_FEATURE_VALID
557,103,"Regonda","Jayashankar Bhupalpally","Bhupalpalle",UNMAPPED_PILOT_ABSENT,NOT_PRESENT_IN_SOURCE,2016_POST_REORGANISATION_REGIME,CANDIDATE_FEATURE_VALID
558,379,"Renjal","Nizamabad","Bodhan",UNMAPPED_PILOT_ABSENT,NOT_PRESENT_IN_SOURCE,2016_POST_REORGANISATION_REGIME,CANDIDATE_FEATURE_VALID
559,539,"Revally","Wanaparthy","Wanaparthy",UNMAPPED_PILOT_ABSENT,NOT_PRESENT_IN_SOURCE,2016_POST_REORGANISATION_REGIME,CANDIDATE_FEATURE_VALID
560,461,"Sadasivpet","Sangareddy","Sangareddy",UNMAPPED_PILOT_ABSENT,NOT_PRESENT_IN_SOURCE,2016_POST_REORGANISATION_REGIME,CANDIDATE_FEATURE_VALID
561,54,"Saidabad","Hyderabad","HYDERABAD",UNMAPPED_PILOT_ABSENT,NOT_PRESENT_IN_SOURCE,2016_POST_REORGANISATION_REGIME,CANDIDATE_FEATURE_VALID
562,179,"Yerrupalem","Khammam","Khammam",UNMAPPED_PILOT_ABSENT,NOT_PRESENT_IN_SOURCE,2016_POST_REORGANISATION_REGIME,CANDIDATE_FEATURE_VALID
563,88,"Zaffergadh","Jangoan","Ganpur_stn",UNMAPPED_PILOT_ABSENT,NOT_PRESENT_IN_SOURCE,2016_POST_REORGANISATION_REGIME,CANDIDATE_FEATURE_VALID
564,465,"Zahirabad","Sangareddy","Zahirabad",UNMAPPED_PILOT_ABSENT,NOT_PRESENT_IN_SOURCE,2016_POST_REORGANISATION_REGIME,CANDIDATE_FEATURE_VALID
565,556,"Shayampet","Warangal_Rural","Bhupalpalle",UNMAPPED_PILOT_ABSENT,NOT_PRESENT_IN_SOURCE,2016_POST_REORGANISATION_REGIME,CANDIDATE_FEATURE_VALID
566,271,"Shivampet","Medak","Narsapur",UNMAPPED_PILOT_ABSENT,NOT_PRESENT_IN_SOURCE,2016_POST_REORGANISATION_REGIME,CANDIDATE_FEATURE_VALID
567,273,"Toopran","Medak","Narsapur",UNMAPPED_PILOT_ABSENT,NOT_PRESENT_IN_SOURCE,2016_POST_REORGANISATION_REGIME,CANDIDATE_FEATURE_VALID
568,527,"Vikarabad","Vikarabad","Chevella",UNMAPPED_PILOT_ABSENT,NOT_PRESENT_IN_SOURCE,2016_POST_REORGANISATION_REGIME,CANDIDATE_FEATURE_VALID
569,274,"Yeldurthy","Medak","Narsapur",UNMAPPED_PILOT_ABSENT,NOT_PRESENT_IN_SOURCE,2016_POST_REORGANISATION_REGIME,CANDIDATE_FEATURE_VALID
570,486,"Thoguta","Siddipet","Gajwel",UNMAPPED_PILOT_ABSENT,NOT_PRESENT_IN_SOURCE,2016_POST_REORGANISATION_REGIME,CANDIDATE_FEATURE_VALID
571,510,"Tirumalagiri","Suryapet","Bhongiri",UNMAPPED_PILOT_ABSENT,NOT_PRESENT_IN_SOURCE,2016_POST_REORGANISATION_REGIME,CANDIDATE_FEATURE_VALID
572,337,"Tirumalagiri_Sagar","Nalgonda","Miryalaguda",UNMAPPED_PILOT_ABSENT,NOT_PRESENT_IN_SOURCE,2016_POST_REORGANISATION_REGIME,CANDIDATE_FEATURE_VALID
573,176,"Tirumalayapalem","Khammam","Khammam",UNMAPPED_PILOT_ABSENT,NOT_PRESENT_IN_SOURCE,2016_POST_REORGANISATION_REGIME,CANDIDATE_FEATURE_VALID
574,193,"Tiryani","Kumurambheem Asifabad","Asifabad",TS-MDL-7104,4679,2016_POST_REORGANISATION_REGIME,CANDIDATE_FEATURE_VALID
575,464,"Vatpally","Sangareddy","Narayankhed",UNMAPPED_PILOT_ABSENT,NOT_PRESENT_IN_SOURCE,2016_POST_REORGANISATION_REGIME,CANDIDATE_FEATURE_VALID
576,158,"Veenavanka","Karimnagar","Huzurabad",UNMAPPED_PILOT_ABSENT,NOT_PRESENT_IN_SOURCE,2016_POST_REORGANISATION_REGIME,CANDIDATE_FEATURE_VALID
577,194,"Wankidi","Kumurambheem Asifabad","Asifabad",UNMAPPED_PILOT_ABSENT,NOT_PRESENT_IN_SOURCE,2016_POST_REORGANISATION_REGIME,CANDIDATE_FEATURE_VALID
578,470,"Doultabad","Siddipet","Gajwel",UNMAPPED_PILOT_ABSENT,NOT_PRESENT_IN_SOURCE,2016_POST_REORGANISATION_REGIME,CANDIDATE_FEATURE_VALID
579,257,"Chilipched","Medak","Narsapur",UNMAPPED_PILOT_ABSENT,NOT_PRESENT_IN_SOURCE,2016_POST_REORGANISATION_REGIME,CANDIDATE_FEATURE_VALID
580,270,"Shankarampet_R","Medak","Medak",UNMAPPED_PILOT_ABSENT,NOT_PRESENT_IN_SOURCE,2016_POST_REORGANISATION_REGIME,CANDIDATE_FEATURE_VALID
581,126,"Domakonda","Kamareddy","Kamareddy",UNMAPPED_PILOT_ABSENT,NOT_PRESENT_IN_SOURCE,2016_POST_REORGANISATION_REGIME,CANDIDATE_FEATURE_VALID
582,124,"Bichkunda","Kamareddy","Banswada",UNMAPPED_PILOT_ABSENT,NOT_PRESENT_IN_SOURCE,2016_POST_REORGANISATION_REGIME,CANDIDATE_FEATURE_VALID
583,125,"Birkoor","Kamareddy","Banswada",UNMAPPED_PILOT_ABSENT,NOT_PRESENT_IN_SOURCE,2016_POST_REORGANISATION_REGIME,CANDIDATE_FEATURE_VALID
584,367,"Kammarpally","Nizamabad","Metpalle",UNMAPPED_PILOT_ABSENT,NOT_PRESENT_IN_SOURCE,2016_POST_REORGANISATION_REGIME,CANDIDATE_FEATURE_VALID
585,82,"Kodakandla","Jangoan","Ganpur_stn",UNMAPPED_PILOT_ABSENT,NOT_PRESENT_IN_SOURCE,2016_POST_REORGANISATION_REGIME,CANDIDATE_FEATURE_VALID
586,247,"Kotapalle","Mancherial","Bellampalle",TS-MDL-5328,4660,2016_POST_REORGANISATION_REGIME,CANDIDATE_FEATURE_VALID
587,287,"Muduchinthalaphally","Medchal_Malkajgiri","Bhongiri",UNMAPPED_PILOT_ABSENT,NOT_PRESENT_IN_SOURCE,2016_POST_REORGANISATION_REGIME,CANDIDATE_FEATURE_VALID
588,484,"Narayanraopet","Siddipet","Sirsilla",UNMAPPED_PILOT_ABSENT,NOT_PRESENT_IN_SOURCE,2016_POST_REORGANISATION_REGIME,CANDIDATE_FEATURE_VALID